lifetime,mean_aoi,max_aoi,total_energy,tx_rate,pkt_success_rate,stale_ratio,final_battery,policy,method,wE,seed,exp_id
14.35,1.4386671110751994,2.35,94.0,0.5685778926955397,0.9517361111111111,0.0,6.0,RL(wE=0.1),rl,0.1,0,437885
28.35,3.7253809064292938,8.325,94.025,0.1479927658959917,0.9800000000000001,0.0,5.975,RL(wE=0.3),rl,0.3,0,437885
37.2,6.098995843094141,13.075,96.225,0.08366325703787005,0.975,0.16376829254151234,3.775,RL(wE=0.5),rl,0.5,0,437885
52.45,12.942961719405655,20.0,96.75,0.025382938277113166,0.875,0.6192728978192892,3.25,RL(wE=0.7),rl,0.7,0,437885
79.3,17.84217910477057,20.0,95.5,0.0,0.0,0.8864304791984509,4.5,RL(wE=0.9),rl,0.9,0,437885
13.375,1.338186813186813,2.2,97.25,0.6615384615384615,0.9493055555555555,0.0,2.75,RL(wE=0.1),rl,0.1,1,437885
28.3,3.7410785666975874,8.95,95.575,0.18332045076622386,0.9508333333333333,0.001,4.425,RL(wE=0.3),rl,0.3,1,437885
34.625,6.021702157777526,13.025,95.95,0.0868574607361372,0.9583333333333333,0.13514426214793862,4.05,RL(wE=0.5),rl,0.5,1,437885
50.325,15.968412963091216,20.0,96.425,0.006015778350884733,0.275,0.7849462921555619,3.575,RL(wE=0.7),rl,0.7,1,437885
89.8,18.094401427061314,20.0,95.0,0.0,0.0,0.8997053382663847,5.0,RL(wE=0.9),rl,0.9,1,437885
13.575,1.4135347985347984,2.4,93.725,0.5915750915750916,0.925,0.0,6.275,RL(wE=0.1),rl,0.1,2,437885
25.95,3.19685693714498,7.1,95.0,0.2020264749340836,0.9283333333333333,0.0,5.0,RL(wE=0.3),rl,0.3,2,437885
46.55,6.7686255130525605,13.55,97.0,0.07066515978820764,0.95625,0.1922966707871379,3.0,RL(wE=0.5),rl,0.5,2,437885
51.3,14.86519660171761,20.0,99.1,0.009602140451322228,0.5,0.7282372333548803,0.9,RL(wE=0.7),rl,0.7,2,437885
90.6,18.11035881030797,20.0,95.0,0.0,0.0,0.9005452005425247,5.0,RL(wE=0.9),rl,0.9,2,437885
15.25,1.5372068392134182,2.6,94.175,0.5402859713386029,0.961111111111111,0.0,5.825,RL(wE=0.1),rl,0.1,3,437885
28.325,3.4236340291688023,7.55,95.8,0.1690680208607737,0.9666666666666668,0.0,4.2,RL(wE=0.3),rl,0.3,3,437885
40.325,6.2004131803522045,12.875,95.9,0.07796597268355933,0.96875,0.1398561564968818,4.1,RL(wE=0.5),rl,0.5,3,437885
53.3,13.72048951048951,20.0,99.7,0.017272727272727273,0.8,0.6599300699300699,0.3,RL(wE=0.7),rl,0.7,3,437885
87.8,18.05042544620074,20.0,95.2,0.0,0.0,0.8973908129579335,4.8,RL(wE=0.9),rl,0.9,3,437885
14.625,1.4106604853479854,2.2,97.525,0.5679395604395604,0.9725694444444445,0.0,2.475,RL(wE=0.1),rl,0.1,4,437885
28.025,3.7837889164146112,8.6,96.075,0.16396208105329352,0.9737500000000001,0.0,3.925,RL(wE=0.3),rl,0.3,4,437885
41.8,6.397058135641239,13.05,97.55,0.0734364889721372,0.9791666666666666,0.15653073649346677,2.45,RL(wE=0.5),rl,0.5,4,437885
67.6,14.994313185205197,19.6,96.5,0.01557851016411157,0.7,0.7155166289691497,3.5,RL(wE=0.7),rl,0.7,4,437885
93.0,18.16003311327895,20.0,95.0,0.0,0.0,0.9031596375409976,5.0,RL(wE=0.9),rl,0.9,4,437885
100.0,18.29,20.0,100.0,0.0,0.0,0.9099999999999999,0.0,always_sleep,baseline,,0,437885
100.0,18.29,20.0,100.0,0.0,0.0,0.9099999999999999,0.0,always_sleep,baseline,,1,437885
100.0,18.29,20.0,100.0,0.0,0.0,0.9099999999999999,0.0,always_sleep,baseline,,2,437885
100.0,18.29,20.0,100.0,0.0,0.0,0.9099999999999999,0.0,always_sleep,baseline,,3,437885
100.0,18.29,20.0,100.0,0.0,0.0,0.9099999999999999,0.0,always_sleep,baseline,,4,437885
34.0,14.97058823529412,20.0,99.0,0.0,0.0,0.7352941176470589,1.0,always_wait,baseline,,0,437885
34.0,14.97058823529412,20.0,99.0,0.0,0.0,0.7352941176470589,1.0,always_wait,baseline,,1,437885
34.0,14.97058823529412,20.0,99.0,0.0,0.0,0.7352941176470589,1.0,always_wait,baseline,,2,437885
34.0,14.97058823529412,20.0,99.0,0.0,0.0,0.7352941176470589,1.0,always_wait,baseline,,3,437885
34.0,14.97058823529412,20.0,99.0,0.0,0.0,0.7352941176470589,1.0,always_wait,baseline,,4,437885
10.0,1.0550000000000002,1.475,100.0,1.0,0.9475,0.0,0.0,always_transmit,baseline,,0,437885
10.0,1.0525,1.45,100.0,1.0,0.9525,0.0,0.0,always_transmit,baseline,,1,437885
10.0,1.065,1.55,100.0,1.0,0.9375,0.0,0.0,always_transmit,baseline,,2,437885
10.0,1.0550000000000002,1.475,100.0,1.0,0.9475,0.0,0.0,always_transmit,baseline,,3,437885
10.0,1.0325,1.275,100.0,1.0,0.9675,0.0,0.0,always_transmit,baseline,,4,437885
24.0,3.234375,6.425,100.0,0.16666666666666666,0.975,0.0010416666666666667,0.0,periodic_tx_5,baseline,,0,437885
24.0,3.322916666666667,6.75,100.0,0.16666666666666666,0.95,0.0010416666666666667,0.0,periodic_tx_5,baseline,,1,437885
24.0,3.4427083333333335,7.2,100.0,0.16666666666666666,0.91875,0.003125,0.0,periodic_tx_5,baseline,,2,437885
24.0,3.296875,6.65,100.0,0.16666666666666666,0.95625,0.0,0.0,periodic_tx_5,baseline,,3,437885
24.0,3.2239583333333335,6.375,100.0,0.16666666666666666,0.975,0.0,0.0,periodic_tx_5,baseline,,4,437885
36.625,3.040561655405405,5.3,99.35,0.1912420232732733,0.9571428571428573,0.0,0.65,aoi_thresh_5,baseline,,0,437885
36.5,3.0467928866366365,5.325,99.2,0.19198104354354356,0.95,0.0,0.8,aoi_thresh_5,baseline,,1,437885
36.125,3.0944045608108106,5.5,98.65,0.194115990990991,0.9178571428571429,0.0,1.35,aoi_thresh_5,baseline,,2,437885
36.8,3.017267267267267,5.2,99.6,0.19024024024024028,0.9714285714285715,0.0,0.4,aoi_thresh_5,baseline,,3,437885
36.8,3.0179617117117115,5.2,99.6,0.19024024024024025,0.9714285714285715,0.0,0.4,aoi_thresh_5,baseline,,4,437885
46.0,5.616304347826086,17.675,100.0,0.13043478260869565,0.9625,0.1733695652173913,0.0,energy_aware,baseline,,0,437885
45.55,5.551733254994124,17.375,100.0,0.13337250293772035,0.9482142857142858,0.16656874265569915,0.0,energy_aware,baseline,,1,437885
45.55,5.736515863689777,17.75,100.0,0.13337250293772035,0.9273809523809524,0.17743830787309048,0.0,energy_aware,baseline,,2,437885
46.0,5.556521739130434,17.6,100.0,0.13043478260869565,0.9666666666666668,0.16956521739130434,0.0,energy_aware,baseline,,3,437885
46.0,5.5271739130434785,17.525,100.0,0.13043478260869565,0.9708333333333334,0.16793478260869565,0.0,energy_aware,baseline,,4,437885
24.0,3.1708333333333334,5.4,100.0,0.16666666666666666,0.975,0.0,0.0,channel_aware,baseline,,0,437885
24.0,3.2708333333333335,5.875,100.0,0.16666666666666666,0.95,0.0,0.0,channel_aware,baseline,,1,437885
24.0,3.396875,6.475,100.0,0.16666666666666666,0.91875,0.0,0.0,channel_aware,baseline,,2,437885
24.0,3.244791666666667,5.75,100.0,0.16666666666666666,0.95625,0.0,0.0,channel_aware,baseline,,3,437885
24.0,3.1750000000000003,5.425,100.0,0.16666666666666666,0.975,0.0,0.0,channel_aware,baseline,,4,437885
35.825,7.992097701149426,19.8,100.0,0.11264367816091955,0.97625,0.33089080459770115,0.0,adaptive_thresh,alternative,,0,437885
35.25,7.766570881226054,19.3,100.0,0.11873911529083943,0.9525,0.314768373389063,0.0,adaptive_thresh,alternative,,1,437885
35.3,7.874420933472658,19.5,100.0,0.11971438523162661,0.9237500000000001,0.3230625217694183,0.0,adaptive_thresh,alternative,,2,437885
35.675,7.945759317311041,19.7,100.0,0.11466388018112154,0.9600000000000002,0.32773423894113546,0.0,adaptive_thresh,alternative,,3,437885
35.575,7.81588732149077,19.55,100.0,0.11518634622082899,0.9787500000000001,0.31923110414489725,0.0,adaptive_thresh,alternative,,4,437885
