node_id,step,time_s,temperature,luminosity,pressure,sensor_volatility
m3-10,1,0.0,30.1625,0.9766,1004.0913,0
m3-10,2,4.82,30.1625,0.7324,1004.0422,1
m3-10,3,9.82,30.1833,0.9766,1004.0564,1
m3-10,4,14.83,30.1896,0.7324,1004.1975,1
m3-10,5,19.82,30.2146,0.9766,1004.1033,1
m3-10,6,24.83,30.2729,0.7324,1003.968,1
m3-10,7,29.84,30.2646,0.9766,1004.241,1
m3-10,8,34.83,30.3313,0.7324,1004.062,1
m3-10,9,39.84,30.3208,0.9766,1004.0898,1
m3-10,10,44.84,30.3646,0.7324,1004.092,1
m3-10,11,49.85,30.3604,0.9766,1004.3049,1
m3-10,12,54.84,30.3896,0.7324,1004.1245,1
m3-10,13,59.85,30.4333,0.9766,1004.1367,1
m3-10,14,64.86,30.475,0.7324,1004.2488,1
m3-10,15,69.85,30.4896,0.9766,1004.0652,1
m3-10,16,74.86,30.4563,0.7324,1004.323,1
m3-10,17,79.87,30.5437,0.9766,1004.179,1
m3-10,18,84.87,30.4917,0.4883,1004.0547,2
m3-10,19,89.87,30.5021,0.9766,1004.0813,1
m3-10,20,94.87,30.5562,0.7324,1004.2776,1
m3-10,21,99.88,30.5875,0.9766,1004.0493,1
m3-10,22,104.87,30.5729,0.7324,1004.0891,1
m3-10,23,109.88,30.5729,0.9766,1004.2129,1
m3-10,24,114.89,30.6167,0.7324,1003.9934,1
m3-10,25,119.89,30.5604,0.9766,1004.0845,1
m3-10,26,124.89,30.5896,0.7324,1004.2456,1
m3-10,27,129.89,30.6604,0.9766,1004.0176,1
m3-10,28,134.9,30.6187,0.7324,1004.0273,1
m3-10,29,139.91,30.6354,0.9766,1004.0601,1
m3-10,30,144.9,30.6583,0.7324,1004.1892,1
m3-10,31,149.91,30.6917,0.9766,1004.2314,1
m3-10,32,154.92,30.6979,0.7324,1003.99,1
m3-10,33,159.92,30.6729,0.9766,1004.0513,1
m3-10,34,164.92,30.6875,0.7324,1003.9026,1
m3-10,35,169.92,30.6938,0.9766,1004.0877,1
m3-10,36,174.93,30.7146,0.7324,1004.1216,1
m3-10,37,179.94,30.7646,0.9766,1004.1543,1
m3-10,38,184.93,30.7521,0.7324,1004.2197,1
m3-10,39,189.94,30.7354,0.9766,1004.1523,1
m3-10,40,194.95,30.7812,0.7324,1004.0632,1
m3-10,41,199.94,30.7375,0.9766,1004.023,1
m3-10,42,204.94,30.7437,0.7324,1004.2376,1
m3-10,43,209.95,30.7833,0.9766,1004.092,1
m3-10,44,214.96,30.8104,0.7324,1003.8904,1
m3-10,45,219.95,30.8375,0.9766,1004.0542,1
m3-10,46,224.96,30.8083,0.7324,1004.1689,1
m3-10,47,229.97,30.85,0.9766,1004.1387,1
m3-10,48,234.96,30.8625,0.4883,1004.0737,1
m3-10,49,239.97,30.8479,0.9766,1004.0127,1
m3-10,50,244.97,30.8146,0.7324,1004.021,1
m3-10,51,249.98,30.8583,0.9766,1004.0254,1
m3-10,52,254.97,30.8396,0.7324,1003.9602,1
m3-10,53,259.98,30.8917,0.9766,1003.9939,1
m3-10,54,264.99,30.8562,0.4883,1004.0459,1
m3-10,55,270.0,30.8813,0.9766,1003.8796,2
m3-10,56,274.99,30.8479,0.4883,1004.009,2
m3-10,57,279.99,30.8396,0.9766,1003.9883,1
m3-10,58,285.0,30.8875,0.4883,1003.9785,1
m3-10,59,290.01,30.8854,0.9766,1004.1335,2
m3-10,60,295.0,30.9396,0.4883,1003.9451,2
m3-10,61,300.01,30.8938,0.9766,1004.0198,1
m3-10,62,305.02,30.9208,0.4883,1004.0252,1
m3-10,63,310.02,30.9187,0.9766,1004.0391,1
m3-10,64,315.02,30.9396,0.4883,1004.1126,1
m3-10,65,320.02,30.9438,0.9766,1004.0527,1
m3-10,66,325.03,30.9479,0.4883,1004.1902,2
m3-10,67,330.04,30.9896,0.9766,1004.2114,1
m3-10,68,335.03,30.9521,0.7324,1003.9751,1
m3-10,69,340.04,30.9458,0.9766,1003.9983,1
m3-10,70,345.05,31.0083,0.4883,1003.9568,1
m3-10,71,350.05,30.9375,0.9766,1003.9648,1
m3-10,72,355.05,31.0,0.7324,1003.9021,1
m3-10,73,360.05,30.9417,0.9766,1003.99,1
m3-10,74,365.06,30.9729,0.7324,1003.96,1
m3-10,75,370.07,30.9937,0.9766,1004.0669,1
m3-10,76,375.06,31.0083,0.4883,1004.0322,1
m3-10,77,380.07,31.0208,0.9766,1003.9954,1
m3-10,78,385.07,30.9792,0.4883,1003.9514,1
m3-10,79,390.07,30.9937,0.9766,1003.9854,1
m3-10,80,395.07,31.0063,0.4883,1003.8716,2
m3-10,81,400.08,30.975,0.9766,1004.0395,2
m3-10,82,405.09,30.9833,0.4883,1003.9675,1
m3-10,83,410.08,31.0146,0.9766,1004.0312,1
m3-10,84,415.09,31.0417,0.4883,1003.9658,1
m3-10,85,420.1,31.0167,0.9766,1003.9097,1
m3-10,86,425.09,31.0729,0.4883,1004.0215,2
m3-10,87,430.1,31.0479,0.9766,1004.0376,1
m3-10,88,435.1,31.0625,0.4883,1004.1462,2
m3-10,89,440.11,31.0813,0.7324,1003.865,1
m3-10,90,445.1,31.0667,0.4883,1004.0671,1
m3-10,91,450.11,31.0708,0.7324,1004.0019,1
m3-10,92,455.12,31.0437,0.4883,1003.9915,1
m3-10,93,460.11,31.0271,0.9766,1004.0039,1
m3-10,94,465.12,31.0688,0.4883,1003.9624,1
m3-10,95,470.12,31.0458,0.7324,1004.0681,1
m3-10,96,475.13,31.0688,0.4883,1004.0293,1
m3-10,97,480.12,31.0458,0.7324,1003.9294,1
m3-10,98,485.13,31.0854,0.4883,1003.9775,1
m3-10,99,490.14,31.0833,0.7324,1003.9937,1
m3-10,100,495.13,31.1,0.4883,1004.0215,1
m3-10,101,500.14,31.0979,0.7324,1003.9251,1
m3-10,102,505.15,31.0542,0.4883,1004.0422,1
m3-10,103,510.15,31.1,0.7324,1004.0981,1
m3-10,104,515.14,31.0646,0.4883,1004.0124,1
m3-10,105,520.15,31.1021,0.7324,1004.0737,1
m3-10,106,525.16,31.1167,0.4883,1004.1714,1
m3-10,107,530.15,31.1542,0.7324,1004.0562,1
m3-10,108,535.16,31.0771,0.4883,1004.0041,1
m3-10,109,540.17,31.1083,0.7324,1004.0212,1
m3-10,110,545.17,31.1354,0.4883,1003.9602,1
m3-10,111,550.17,31.0938,0.7324,1003.9761,1
m3-10,112,555.17,31.0979,0.4883,1004.02,1
m3-10,113,560.18,31.1146,0.7324,1004.0188,1
m3-10,114,565.17,31.1083,0.4883,1004.0906,1
m3-10,115,570.18,31.1375,0.7324,1004.124,1
m3-10,116,575.19,31.1292,0.4883,1003.9876,1
m3-10,117,580.2,31.1167,0.7324,1004.0813,1
m3-10,118,585.19,31.125,0.4883,1003.9814,1
m3-10,119,590.2,31.1229,0.7324,1004.1003,1
m3-10,120,595.2,31.1792,0.4883,1004.0073,1
m3-10,121,600.19,31.1292,0.7324,1004.0706,1
m3-10,122,605.2,31.1479,0.4883,1003.9966,1
m3-10,123,610.21,31.1313,0.7324,1003.9421,1
m3-10,124,615.22,31.175,0.4883,1004.0842,1
m3-10,125,620.21,31.1479,0.7324,1004.1755,1
m3-10,126,625.22,31.1417,0.4883,1004.0586,1
m3-10,127,630.22,31.1667,0.7324,1004.0952,1
m3-10,128,635.22,31.1771,0.4883,1004.1755,1
m3-10,129,640.22,31.1875,0.7324,1004.1091,1
m3-10,130,645.23,31.1292,0.4883,1004.0586,1
m3-10,131,650.24,31.1646,0.7324,1004.01,1
m3-10,132,655.23,31.1396,0.4883,1004.074,1
m3-10,133,660.24,31.1667,0.7324,1003.9817,1
m3-10,134,665.25,31.1646,0.4883,1003.9924,1
m3-10,135,670.24,31.15,0.7324,1004.0166,1
m3-10,136,675.24,31.1771,0.4883,1004.1165,1
m3-10,137,680.25,31.1833,0.7324,1004.0525,1
m3-10,138,685.26,31.1438,0.4883,1004.1567,1
m3-10,139,690.25,31.2063,0.7324,1004.156,1
m3-10,140,695.26,31.1729,0.4883,1003.9451,1
m3-10,141,700.27,31.1542,0.7324,1003.9849,1
m3-10,142,705.26,31.1708,0.4883,1003.9123,1
m3-10,143,710.27,31.1417,0.7324,1004.0496,1
m3-10,144,715.27,31.1771,0.4883,1004.0464,1
m3-10,145,720.28,31.1687,0.7324,1004.147,1
m3-10,146,725.27,31.1646,0.4883,1003.9802,1
m3-10,147,730.28,31.1583,0.7324,1004.1284,1
m3-10,148,735.29,31.2125,0.4883,1003.9814,1
m3-10,149,740.28,31.1646,0.7324,1004.1128,1
m3-10,150,745.29,31.2292,0.4883,1003.9563,1
m3-10,151,750.3,31.1542,0.7324,1004.0981,1
m3-10,152,755.3,31.2167,0.4883,1004.0378,1
m3-10,153,760.29,31.1646,0.7324,1004.0366,1
m3-10,154,765.3,31.1708,0.4883,1003.947,1
m3-10,155,770.31,31.1667,0.7324,1004.0027,1
m3-10,156,775.3,31.1646,0.4883,1004.1221,1
m3-10,157,780.31,31.2083,0.7324,1004.1335,1
m3-10,158,785.32,31.2188,0.4883,1004.0789,1
m3-10,159,790.31,31.1812,0.7324,1004.1533,1
m3-10,160,795.32,31.1833,0.4883,1004.0417,1
m3-10,161,800.32,31.1938,0.7324,1004.0127,1
m3-10,162,805.33,31.2083,0.4883,1003.9753,1
m3-10,163,810.32,31.1833,0.7324,1003.9321,1
m3-10,164,815.33,31.1812,0.4883,1004.0129,1
m3-10,165,820.34,31.1979,0.7324,1004.1404,1
m3-10,166,825.33,31.2021,0.4883,1003.9036,1
m3-10,167,830.34,31.1875,0.7324,1004.0837,1
m3-10,168,835.34,31.175,0.4883,1004.0627,1
m3-10,169,840.35,31.2208,0.7324,1004.0706,1
m3-10,170,845.34,31.2208,0.4883,1004.0359,1
m3-10,171,850.35,31.2063,0.7324,1004.1689,1
m3-10,172,855.36,31.2354,0.4883,1003.9434,1
m3-10,173,860.35,31.2021,0.7324,1004.1011,1
m3-10,174,865.36,31.2188,0.4883,1004.0925,1
m3-10,175,870.37,31.2312,0.7324,1004.0996,1
m3-10,176,875.37,31.2271,0.4883,1004.1502,1
m3-10,177,880.37,31.2646,0.7324,1004.1279,1
m3-10,178,885.37,31.225,0.4883,1004.0588,1
m3-10,179,890.38,31.2458,0.7324,1004.1177,1
m3-10,180,895.37,31.2396,0.4883,1003.9963,1
m3-10,181,900.38,31.2021,0.7324,1004.1248,1
m3-10,182,905.39,31.2271,0.4883,1003.9534,1
m3-10,183,910.39,31.2042,0.7324,1004.0237,1
m3-10,184,915.39,31.2229,0.4883,1003.9197,1
m3-10,185,920.39,31.1875,0.7324,1003.957,1
m3-10,186,925.4,31.2312,0.4883,1003.9893,1
m3-10,187,930.39,31.2229,0.7324,1004.0237,1
m3-10,188,935.4,31.2542,0.4883,1004.0452,1
m3-10,189,940.41,31.2312,0.7324,1003.9988,1
m3-10,190,945.42,31.2167,0.4883,1004.0579,1
m3-10,191,950.41,31.2521,0.7324,1004.0081,1
m3-10,192,955.42,31.2125,0.4883,1004.071,1
m3-10,193,960.42,31.2396,0.7324,1003.9839,1
m3-10,194,965.41,31.2688,0.2441,1004.0352,1
m3-10,195,970.42,31.2479,0.7324,1004.1045,1
m3-10,196,975.43,31.2854,0.2441,1003.904,2
m3-10,197,980.44,31.2042,0.7324,1004.0439,2
m3-10,198,985.43,31.2708,0.4883,1004.0679,1
m3-10,199,990.44,31.2583,0.7324,1004.041,1
m3-10,200,995.44,31.2917,0.2441,1003.9334,2
m3-10,201,1000.44,31.2188,0.7324,1004.0181,2
m3-10,202,1005.44,31.2437,0.2441,1004.0093,1
m3-10,203,1010.45,31.2521,0.7324,1004.0386,1
m3-10,204,1015.44,31.2875,0.2441,1004.0371,1
m3-10,205,1020.45,31.25,0.7324,1003.9846,1
m3-10,206,1025.46,31.2229,0.2441,1004.0606,1
m3-10,207,1030.47,31.2458,0.7324,1004.1091,1
m3-10,208,1035.46,31.2958,0.2441,1004.041,1
m3-10,209,1040.46,31.2625,0.4883,1004.0693,1
m3-10,210,1045.47,31.25,0.2441,1003.9558,1
m3-10,211,1050.46,31.2146,0.7324,1004.0891,2
m3-10,212,1055.47,31.2229,0.2441,1003.927,2
m3-10,213,1060.48,31.2271,0.4883,1004.0596,1
m3-10,214,1065.49,31.2437,0.2441,1003.9597,1
m3-10,215,1070.48,31.2188,0.7324,1004.072,2
m3-10,216,1075.49,31.2417,0.2441,1004.096,1
m3-10,217,1080.49,31.2833,0.7324,1003.9946,2
m3-10,218,1085.49,31.2417,0.2441,1004.1201,2
m3-10,219,1090.49,31.2604,0.4883,1004.0017,1
m3-10,220,1095.5,31.2417,0.2441,1004.0732,1
m3-10,221,1100.51,31.2812,0.4883,1004.1497,1
m3-10,222,1105.5,31.2521,0.2441,1003.9431,1
m3-10,223,1110.51,31.2292,0.7324,1003.9348,1
m3-10,224,1115.52,31.2521,0.2441,1003.926,1
m3-10,225,1120.51,31.2292,0.4883,1004.0078,1
m3-10,226,1125.51,31.2563,0.2441,1003.9363,1
m3-10,227,1130.52,31.2188,0.4883,1004.0151,1
m3-10,228,1135.53,31.2396,0.2441,1004.033,1
m3-10,229,1140.52,31.2688,0.4883,1003.9441,1
m3-10,230,1145.53,31.2667,0.2441,1004.0232,1
m3-10,231,1150.54,31.2708,0.4883,1004.0425,1
m3-10,232,1155.53,31.2375,0.2441,1003.9605,1
m3-10,233,1160.54,31.2604,0.4883,1003.8667,1
m3-10,234,1165.54,31.3042,0.2441,1004.0791,1
m3-10,235,1170.55,31.2896,0.4883,1003.7754,1
m3-10,236,1175.54,31.2458,0.2441,1003.8623,1
m3-10,237,1180.55,31.2292,0.4883,1004.115,1
m3-10,238,1185.56,31.2188,0.2441,1003.8975,1
m3-10,239,1190.55,31.2521,0.4883,1003.9346,1
m3-10,240,1195.56,31.2792,0.2441,1004.0559,1
m3-10,241,1200.56,31.3062,0.4883,1003.9407,1
m3-10,242,1205.56,31.2521,0.2441,1004.0464,1
m3-10,243,1210.56,31.2979,0.4883,1003.9602,1
m3-10,244,1215.57,31.2479,0.2441,1003.938,1
m3-10,245,1220.58,31.2583,0.4883,1003.876,1
m3-10,246,1225.57,31.2792,0.2441,1004.0215,1
m3-10,247,1230.58,31.2812,0.4883,1003.8701,1
m3-10,248,1235.59,31.2271,0.2441,1003.8782,1
m3-10,249,1240.58,31.2604,0.4883,1003.9075,1
m3-10,250,1245.59,31.2521,0.2441,1003.9712,1
m3-10,251,1250.59,31.2896,0.4883,1003.9402,1
m3-10,252,1255.6,31.2917,0.4883,1003.8301,0
m3-10,253,1260.59,31.2271,0.4883,1003.9497,0
m3-10,254,1265.6,31.3062,0.2441,1003.9746,1
m3-10,255,1270.61,31.2604,0.4883,1003.9429,1
m3-10,256,1275.6,31.2458,0.2441,1003.835,1
m3-10,257,1280.61,31.2521,0.4883,1003.928,1
m3-10,258,1285.61,31.275,0.4883,1003.8635,0
m3-10,259,1290.62,31.2458,0.4883,1003.9795,0
m3-10,260,1295.61,31.3208,0.4883,1003.9614,0
m3-10,261,1300.62,31.2646,0.4883,1004.0317,0
m3-10,262,1305.63,31.275,0.4883,1003.9763,0
m3-10,263,1310.62,31.2854,0.4883,1003.9807,0
m3-10,264,1315.63,31.2417,0.2441,1003.969,1
m3-10,265,1320.64,31.2958,0.4883,1004.0659,1
m3-10,266,1325.64,31.3333,0.4883,1003.978,0
m3-10,267,1330.64,31.2833,0.4883,1003.9058,0
m3-10,268,1335.64,31.2979,0.4883,1004.1209,0
m3-10,269,1340.65,31.3208,0.2441,1003.9075,1
m3-10,270,1345.64,31.2917,0.4883,1003.8894,1
m3-10,271,1350.65,31.2625,0.2441,1003.7771,1
m3-10,272,1355.66,31.2771,0.7324,1004.1047,2
m3-10,273,1360.65,31.3125,0.4883,1003.9329,1
m3-10,274,1365.66,31.2542,0.4883,1003.926,0
m3-10,275,1370.66,31.2646,0.2441,1003.9277,1
m3-10,276,1375.67,31.325,0.4883,1003.9307,1
m3-10,277,1380.66,31.2833,0.2441,1003.9299,1
m3-10,278,1385.67,31.2667,0.4883,1003.9319,1
m3-10,279,1390.68,31.2875,0.2441,1003.8696,1
m3-10,280,1395.67,31.3021,0.4883,1003.9155,1
m3-10,281,1400.68,31.2771,0.2441,1004.042,1
m3-10,282,1405.69,31.2896,0.7324,1003.9177,2
m3-10,283,1410.69,31.2917,0.2441,1004.0024,1
m3-10,284,1415.68,31.2875,0.4883,1004.0547,1
m3-10,285,1420.69,31.3229,0.2441,1003.8887,1
m3-10,286,1425.7,31.3042,0.4883,1004.0679,1
m3-10,287,1430.69,31.3333,0.2441,1003.9797,1
m3-10,288,1435.7,31.3271,0.4883,1004.0112,1
m3-10,289,1440.71,31.3167,0.2441,1003.9553,1
m3-10,290,1445.71,31.2667,0.4883,1003.9067,1
m3-10,291,1450.71,31.275,0.2441,1003.9089,1
m3-10,292,1455.71,31.275,0.7324,1003.9561,1
m3-10,293,1460.72,31.2729,0.2441,1003.8821,1
m3-10,294,1465.71,31.2771,0.4883,1003.8562,1
m3-10,295,1470.72,31.275,0.2441,1003.9402,1
m3-10,296,1475.73,31.2854,0.4883,1003.9722,1
m3-10,297,1480.74,31.2792,0.2441,1003.9949,1
m3-10,298,1485.73,31.3062,0.4883,1003.9194,1
m3-10,299,1490.73,31.3042,0.2441,1004.085,1
m3-10,300,1495.74,31.3188,0.4883,1003.9394,1
m3-10,301,1500.73,31.3,0.2441,1003.9026,1
m3-10,302,1505.74,31.2708,0.4883,1003.8596,1
m3-10,303,1510.75,31.275,0.2441,1003.9553,1
m3-10,304,1515.74,31.2875,0.4883,1003.8904,1
m3-10,305,1520.75,31.3,0.2441,1003.9358,1
m3-10,306,1525.76,31.2937,0.4883,1004.1067,1
m3-10,307,1530.76,31.3604,0.2441,1003.8713,1
m3-10,308,1535.76,31.2771,0.4883,1003.9556,1
m3-10,309,1540.76,31.2812,0.2441,1004.0308,1
m3-10,310,1545.77,31.3167,0.4883,1004.1304,1
m3-10,311,1550.76,31.35,0.2441,1004.043,1
m3-10,312,1555.77,31.3292,0.4883,1003.9915,1
m3-10,313,1560.78,31.2896,0.2441,1003.8948,1
m3-10,314,1565.79,31.2896,0.4883,1003.9524,1
m3-10,315,1570.78,31.3396,0.2441,1004.0688,1
m3-10,316,1575.78,31.325,0.4883,1004.0269,1
m3-10,317,1580.79,31.2979,0.2441,1003.971,1
m3-10,318,1585.78,31.3188,0.4883,1004.0022,1
m3-10,319,1590.79,31.3292,0.2441,1003.9348,1
m3-10,320,1595.8,31.3104,0.4883,1003.9033,1
m3-10,321,1600.81,31.3021,0.2441,1003.9546,1
m3-10,322,1605.8,31.3,0.4883,1004.0654,1
m3-10,323,1610.81,31.3229,0.2441,1003.9214,1
m3-10,324,1615.81,31.3062,0.4883,1004.041,1
m3-10,325,1620.81,31.3208,0.2441,1003.9575,1
m3-10,326,1625.81,31.2917,0.4883,1004.0735,1
m3-10,327,1630.82,31.3042,0.2441,1003.9314,1
m3-10,328,1635.83,31.2958,0.4883,1003.9956,1
m3-10,329,1640.82,31.3104,0.2441,1003.9163,1
m3-10,330,1645.83,31.2958,0.4883,1004.0278,1
m3-10,331,1650.83,31.2667,0.2441,1004.0505,1
m3-10,332,1655.83,31.3188,0.4883,1004.0017,1
m3-10,333,1660.83,31.3292,0.2441,1003.8721,1
m3-10,334,1665.84,31.2854,0.4883,1003.7803,1
m3-10,335,1670.85,31.3417,0.2441,1004.0024,1
m3-11,1,4.82,30.0063,1.709,1004.6858,1
m3-11,2,9.83,30.0646,1.9531,1004.773,1
m3-11,3,14.82,30.0833,1.709,1004.7493,1
m3-11,4,19.82,30.1021,1.9531,1004.6289,1
m3-11,5,24.83,30.1042,1.709,1004.7769,1
m3-11,6,29.84,30.1583,1.9531,1004.6904,1
m3-11,7,34.83,30.1687,1.709,1004.7024,1
m3-11,8,39.84,30.1812,1.9531,1004.6929,1
m3-11,9,44.85,30.175,1.709,1004.6623,1
m3-11,10,49.84,30.2125,1.9531,1004.698,1
m3-11,11,54.85,30.2333,1.709,1004.7251,1
m3-11,12,59.85,30.2458,1.9531,1004.7295,1
m3-11,13,64.86,30.2979,1.709,1004.7456,1
m3-11,14,69.85,30.3104,1.9531,1004.8577,1
m3-11,15,74.86,30.3583,1.709,1004.7292,1
m3-11,16,79.87,30.3417,1.9531,1004.7405,1
m3-11,17,84.86,30.3646,1.709,1004.8735,1
m3-11,18,89.87,30.4042,1.9531,1004.5781,1
m3-11,19,94.88,30.35,1.4648,1004.7278,2
m3-11,20,99.88,30.4021,1.9531,1004.8232,2
m3-11,21,104.88,30.425,1.4648,1004.7559,1
m3-11,22,109.88,30.4563,1.9531,1004.7759,1
m3-11,23,114.89,30.4521,1.4648,1004.738,1
m3-11,24,119.88,30.4229,1.9531,1004.7837,1
m3-11,25,124.89,30.5042,1.4648,1004.6311,2
m3-11,26,129.9,30.4792,1.9531,1004.6765,1
m3-11,27,134.91,30.5125,1.4648,1004.7227,1
m3-11,28,139.9,30.5083,1.9531,1004.7346,1
m3-11,29,144.9,30.5188,1.4648,1004.7021,1
m3-11,30,149.91,30.5521,1.9531,1004.5896,2
m3-11,31,154.92,30.5312,1.4648,1004.614,1
m3-11,32,159.91,30.55,1.9531,1004.6663,1
m3-11,33,164.92,30.5813,1.4648,1004.5471,2
m3-11,34,169.93,30.5562,1.9531,1004.5842,1
m3-11,35,174.93,30.5708,1.4648,1004.613,1
m3-11,36,179.93,30.5813,1.9531,1004.6743,1
m3-11,37,184.93,30.6125,1.4648,1004.6438,1
m3-11,38,189.94,30.6333,1.9531,1004.6609,1
m3-11,39,194.93,30.6479,1.4648,1004.6589,1
m3-11,40,199.94,30.6562,1.9531,1004.6218,1
m3-11,41,204.95,30.6417,1.709,1004.5845,1
m3-11,42,209.96,30.6562,1.9531,1004.7427,1
m3-11,43,214.95,30.6958,1.709,1004.667,1
m3-11,44,219.96,30.6896,1.9531,1004.6885,1
m3-11,45,224.96,30.6708,1.709,1004.5857,1
m3-11,46,229.96,30.6875,1.9531,1004.7192,1
m3-11,47,234.96,30.7188,1.4648,1004.4568,2
m3-11,48,239.97,30.6917,1.9531,1004.6006,2
m3-11,49,244.98,30.7104,1.709,1004.5938,1
m3-11,50,249.97,30.7083,1.9531,1004.6831,1
m3-11,51,254.98,30.7604,1.709,1004.7346,1
m3-11,52,259.99,30.7896,1.9531,1004.7839,1
m3-11,53,264.99,30.775,1.709,1004.7673,1
m3-11,54,269.99,30.7625,1.9531,1004.7808,1
m3-11,55,274.99,30.7812,1.709,1004.6682,1
m3-11,56,280.0,30.7708,1.9531,1004.6223,1
m3-11,57,285.01,30.7688,1.709,1004.6992,1
m3-11,58,290.0,30.7917,1.9531,1004.7778,1
m3-11,59,295.01,30.7979,1.4648,1004.5273,2
m3-11,60,300.01,30.75,1.9531,1004.687,2
m3-11,61,305.02,30.8062,1.4648,1004.5693,2
m3-11,62,310.01,30.7771,1.9531,1004.7097,2
m3-11,63,315.02,30.8125,1.709,1004.6926,1
m3-11,64,320.03,30.7958,1.9531,1004.6445,1
m3-11,65,325.04,30.8042,1.709,1004.6282,1
m3-11,66,330.03,30.8042,1.9531,1004.6209,1
m3-11,67,335.04,30.8333,1.709,1004.6179,1
m3-11,68,340.04,30.8125,1.9531,1004.7461,1
m3-11,69,345.05,30.8542,1.709,1004.6838,1
m3-11,70,350.04,30.8562,1.9531,1004.6665,1
m3-11,71,355.05,30.8667,1.709,1004.596,1
m3-11,72,360.06,30.8396,1.9531,1004.6143,1
m3-11,73,365.07,30.8625,1.709,1004.7395,1
m3-11,74,370.06,30.8979,1.9531,1004.6194,1
m3-11,75,375.07,30.8708,1.709,1004.5737,1
m3-11,76,380.07,30.8958,1.9531,1004.6663,1
m3-11,77,385.07,30.8979,1.709,1004.6221,1
m3-11,78,390.07,30.8771,1.9531,1004.637,1
m3-11,79,395.08,30.875,1.709,1004.6511,1
m3-11,80,400.07,30.8833,1.9531,1004.7109,1
m3-11,81,405.08,30.9125,1.709,1004.6057,1
m3-11,82,410.09,30.8896,1.9531,1004.7966,1
m3-11,83,415.1,30.8938,1.709,1004.696,1
m3-11,84,420.09,30.9104,1.9531,1004.7873,1
m3-11,85,425.1,30.9062,1.709,1004.6948,1
m3-11,86,430.1,30.9333,1.9531,1004.6746,1
m3-11,87,435.09,30.9271,1.709,1004.7275,1
m3-11,88,440.1,30.9271,1.9531,1004.6423,1
m3-11,89,445.11,30.9479,1.709,1004.7117,1
m3-11,90,450.12,30.9438,1.9531,1004.6409,1
m3-11,91,455.11,30.9292,1.709,1004.6975,1
m3-11,92,460.12,30.95,1.9531,1004.6099,1
m3-11,93,465.12,30.9396,1.709,1004.6685,1
m3-11,94,470.12,30.9708,1.9531,1004.7388,1
m3-11,95,475.12,30.9833,1.709,1004.5459,1
m3-11,96,480.13,30.9229,1.9531,1004.6135,1
m3-11,97,485.12,30.9521,1.709,1004.6826,1
m3-11,98,490.13,30.9729,1.9531,1004.7119,1
m3-11,99,495.14,30.9875,1.709,1004.6179,1
m3-11,100,500.15,30.9833,1.9531,1004.635,1
m3-11,101,505.14,30.9688,1.709,1004.5005,1
m3-11,102,510.15,30.9438,1.9531,1004.6084,1
m3-11,103,515.15,30.9708,1.709,1004.5986,1
m3-11,104,520.14,30.9792,1.9531,1004.5903,1
m3-11,105,525.15,30.9937,1.709,1004.6235,1
m3-11,106,530.16,30.9833,1.9531,1004.7087,1
m3-11,107,535.17,31.0042,1.709,1004.709,1
m3-11,108,540.16,31.0104,1.9531,1004.6184,1
m3-11,109,545.17,31.0333,1.4648,1004.7644,2
m3-11,110,550.18,31.0396,1.9531,1004.6372,2
m3-11,111,555.17,31.0167,1.709,1004.7646,1
m3-11,112,560.17,31.0292,1.9531,1004.7248,1
m3-11,113,565.18,31.0479,1.4648,1004.5598,2
m3-11,114,570.19,30.9937,1.9531,1004.6643,2
m3-11,115,575.18,31.0146,1.4648,1004.5684,1
m3-11,116,580.19,30.9958,1.9531,1004.5908,1
m3-11,117,585.2,31.0125,1.4648,1004.6389,1
m3-11,118,590.19,31.0521,1.9531,1004.7239,1
m3-11,119,595.2,31.0375,1.4648,1004.6445,1
m3-11,120,600.2,31.0229,1.9531,1004.6809,1
m3-11,121,605.21,31.0375,1.4648,1004.6875,1
m3-11,122,610.2,31.0604,1.9531,1004.6316,1
m3-11,123,615.21,31.0396,1.4648,1004.6133,1
m3-11,124,620.22,31.05,1.9531,1004.6299,1
m3-11,125,625.21,31.05,1.4648,1004.6856,1
m3-11,126,630.22,31.0437,1.9531,1004.7793,1
m3-11,127,635.23,31.0688,1.4648,1004.731,1
m3-11,128,640.22,31.0938,1.9531,1004.6626,1
m3-11,129,645.22,31.0604,1.4648,1004.6104,1
m3-11,130,650.23,31.0396,1.709,1004.6724,1
m3-11,131,655.24,31.0604,1.4648,1004.7544,1
m3-11,132,660.23,31.0875,1.709,1004.6384,1
m3-11,133,665.24,31.0667,1.4648,1004.7859,1
m3-11,134,670.25,31.0833,1.709,1004.6221,1
m3-11,135,675.24,31.0583,1.4648,1004.6062,1
m3-11,136,680.25,31.0479,1.709,1004.6489,1
m3-11,137,685.25,31.0792,1.4648,1004.5474,1
m3-11,138,690.26,31.0729,1.9531,1004.6868,2
m3-11,139,695.25,31.0771,1.4648,1004.6663,1
m3-11,140,700.26,31.0854,1.709,1004.7253,1
m3-11,141,705.27,31.0875,1.4648,1004.5513,1
m3-11,142,710.26,31.0792,1.709,1004.6602,1
m3-11,143,715.27,31.0896,1.4648,1004.7127,1
m3-11,144,720.28,31.0917,1.709,1004.5886,1
m3-11,145,725.28,31.0813,1.4648,1004.6999,1
m3-11,146,730.28,31.125,1.709,1004.6306,1
m3-11,147,735.28,31.1021,1.4648,1004.7302,1
m3-11,148,740.29,31.1083,1.709,1004.7322,1
m3-11,149,745.28,31.125,1.4648,1004.5818,1
m3-11,150,750.29,31.0708,1.709,1004.5603,1
m3-11,151,755.3,31.0854,1.4648,1004.6252,1
m3-11,152,760.29,31.1021,1.709,1004.7388,1
m3-11,153,765.3,31.1354,1.4648,1004.6353,1
m3-11,154,770.31,31.1125,1.709,1004.6231,1
m3-11,155,775.31,31.1187,1.4648,1004.6245,1
m3-11,156,780.3,31.1313,1.709,1004.665,1
m3-11,157,785.31,31.1125,1.2207,1004.6575,1
m3-11,158,790.32,31.1146,1.709,1004.7058,1
m3-11,159,795.31,31.1104,1.2207,1004.6711,1
m3-11,160,800.32,31.1292,1.709,1004.6465,1
m3-11,161,805.33,31.1417,1.2207,1004.6082,1
m3-11,162,810.33,31.1042,1.709,1004.616,1
m3-11,163,815.33,31.1167,1.2207,1004.6846,1
m3-11,164,820.33,31.1458,1.709,1004.6309,1
m3-11,165,825.34,31.125,1.2207,1004.6438,1
m3-11,166,830.33,31.1458,1.4648,1004.5923,1
m3-11,167,835.34,31.1187,1.2207,1004.7156,1
m3-11,168,840.35,31.1375,1.4648,1004.5505,1
m3-11,169,845.34,31.1375,1.2207,1004.6184,1
m3-11,170,850.35,31.1479,1.4648,1004.6748,1
m3-11,171,855.36,31.1667,1.2207,1004.6611,1
m3-11,172,860.36,31.15,1.4648,1004.5981,1
m3-11,173,865.36,31.1292,1.2207,1004.6025,1
m3-11,174,870.36,31.1208,1.4648,1004.554,1
m3-11,175,875.37,31.1375,1.2207,1004.6077,1
m3-11,176,880.36,31.1417,1.4648,1004.6775,1
m3-11,177,885.37,31.15,1.2207,1004.5945,1
m3-11,178,890.38,31.1333,1.4648,1004.6533,1
m3-11,179,895.39,31.1521,1.2207,1004.6321,1
m3-11,180,900.38,31.1583,1.4648,1004.5798,1
m3-11,181,905.38,31.1396,1.2207,1004.6558,1
m3-11,182,910.39,31.1542,1.4648,1004.6982,1
m3-11,183,915.38,31.1833,1.2207,1004.6694,1
m3-11,184,920.39,31.1667,1.4648,1004.6724,1
m3-11,185,925.4,31.1771,1.2207,1004.6702,1
m3-11,186,930.41,31.1687,1.4648,1004.6751,1
m3-11,187,935.4,31.1771,1.2207,1004.709,1
m3-11,188,940.41,31.1875,1.4648,1004.6072,1
m3-11,189,945.41,31.2208,0.9766,1004.6555,1
m3-11,190,950.41,31.1812,1.4648,1004.6438,1
m3-11,191,955.41,31.1812,0.9766,1004.7095,1
m3-11,192,960.42,31.225,1.4648,1004.6787,1
m3-11,193,965.43,31.2021,0.9766,1004.6453,1
m3-11,194,970.42,31.1687,1.4648,1004.7358,1
m3-11,195,975.43,31.1938,0.9766,1004.7122,1
m3-11,196,980.44,31.1875,1.4648,1004.605,1
m3-11,197,985.43,31.175,0.9766,1004.5771,1
m3-11,198,990.44,31.2083,1.4648,1004.7832,2
m3-11,199,995.44,31.2271,0.9766,1004.624,2
m3-11,200,1000.43,31.1771,1.4648,1004.6731,1
m3-11,201,1005.44,31.2125,0.9766,1004.677,1
m3-11,202,1010.45,31.1979,1.2207,1004.6565,1
m3-11,203,1015.46,31.2,0.9766,1004.6523,1
m3-11,204,1020.45,31.1833,1.2207,1004.7541,1
m3-11,205,1025.46,31.2375,0.9766,1004.6545,1
m3-11,206,1030.46,31.1979,1.2207,1004.7856,1
m3-11,207,1035.46,31.1896,0.9766,1004.6628,1
m3-11,208,1040.46,31.1833,1.2207,1004.6289,1
m3-11,209,1045.47,31.1875,0.9766,1004.6565,1
m3-11,210,1050.48,31.1896,1.2207,1004.6562,1
m3-11,211,1055.47,31.2021,0.9766,1004.6555,1
m3-11,212,1060.48,31.2188,1.2207,1004.7319,1
m3-11,213,1065.49,31.2167,0.9766,1004.637,1
m3-11,214,1070.48,31.2229,1.2207,1004.7339,1
m3-11,215,1075.49,31.2312,0.9766,1004.6562,1
m3-11,216,1080.49,31.2229,1.2207,1004.7351,1
m3-11,217,1085.49,31.2396,0.9766,1004.6294,1
m3-11,218,1090.49,31.2125,1.2207,1004.5649,1
m3-11,219,1095.5,31.2354,0.7324,1004.6746,2
m3-11,220,1100.51,31.2188,1.2207,1004.551,2
m3-11,221,1105.5,31.2,0.7324,1004.6387,1
m3-11,222,1110.51,31.1875,1.2207,1004.6245,1
m3-11,223,1115.52,31.2104,0.9766,1004.7356,1
m3-11,224,1120.51,31.2375,1.2207,1004.6365,1
m3-11,225,1125.51,31.2292,0.7324,1004.5749,1
m3-11,226,1130.52,31.2042,1.2207,1004.7009,2
m3-11,227,1135.53,31.2208,0.7324,1004.4839,2
m3-11,228,1140.52,31.1979,1.2207,1004.5518,1
m3-11,229,1145.53,31.1917,0.7324,1004.6133,1
m3-11,230,1150.54,31.2063,1.2207,1004.5749,1
m3-11,231,1155.53,31.2167,0.7324,1004.4573,2
m3-11,232,1160.54,31.1854,1.2207,1004.6648,2
m3-11,233,1165.54,31.2354,0.7324,1004.5855,1
m3-11,234,1170.54,31.2167,1.2207,1004.5029,1
m3-11,235,1175.54,31.2,0.7324,1004.5349,1
m3-11,236,1180.55,31.2167,1.2207,1004.5608,1
m3-11,237,1185.56,31.2188,0.7324,1004.5593,1
m3-11,238,1190.55,31.2208,1.2207,1004.6323,1
m3-11,239,1195.56,31.2229,0.7324,1004.5801,1
m3-11,240,1200.57,31.2312,1.2207,1004.5432,1
m3-11,241,1205.56,31.2,0.7324,1004.5225,1
m3-11,242,1210.57,31.2125,0.9766,1004.6438,1
m3-11,243,1215.57,31.225,0.9766,1004.6311,0
m3-11,244,1220.58,31.2312,0.9766,1004.5811,0
m3-11,245,1225.57,31.25,0.7324,1004.5793,1
m3-11,246,1230.58,31.2417,0.9766,1004.6431,1
m3-11,247,1235.59,31.2542,0.7324,1004.5823,1
m3-11,248,1240.58,31.2375,0.9766,1004.5422,1
m3-11,249,1245.59,31.2,0.7324,1004.6025,1
m3-11,250,1250.59,31.2458,0.9766,1004.501,1
m3-11,251,1255.59,31.2208,0.7324,1004.6455,1
m3-11,252,1260.59,31.2437,0.7324,1004.6396,0
m3-11,253,1265.6,31.2292,0.9766,1004.6099,1
m3-11,254,1270.61,31.2188,0.9766,1004.616,0
m3-11,255,1275.6,31.225,0.7324,1004.6072,1
m3-11,256,1280.61,31.2479,0.9766,1004.6389,1
m3-11,257,1285.62,31.25,0.9766,1004.6555,0
m3-11,258,1290.61,31.2604,0.7324,1004.4998,1
m3-11,259,1295.62,31.2292,0.7324,1004.5911,0
m3-11,260,1300.62,31.2417,0.9766,1004.6296,1
m3-11,261,1305.63,31.2771,0.9766,1004.624,0
m3-11,262,1310.62,31.2479,0.7324,1004.6155,1
m3-11,263,1315.63,31.2229,0.9766,1004.6299,1
m3-11,264,1320.64,31.2479,0.9766,1004.4756,0
m3-11,265,1325.63,31.1979,0.7324,1004.5877,1
m3-11,266,1330.64,31.2625,0.7324,1004.5508,0
m3-11,267,1335.65,31.2604,0.9766,1004.5161,1
m3-11,268,1340.64,31.2292,0.7324,1004.51,1
m3-11,269,1345.64,31.2104,0.9766,1004.5527,1
m3-11,270,1350.65,31.1833,0.7324,1004.6389,1
m3-11,271,1355.66,31.2542,0.9766,1004.5259,1
m3-11,272,1360.65,31.2146,0.7324,1004.6348,1
m3-11,273,1365.66,31.2646,0.9766,1004.5872,1
m3-11,274,1370.67,31.2479,0.7324,1004.5276,1
m3-11,275,1375.66,31.2292,0.9766,1004.6084,1
m3-11,276,1380.67,31.2625,0.4883,1004.5696,1
m3-11,277,1385.67,31.2229,0.9766,1004.4871,1
m3-11,278,1390.68,31.2708,0.7324,1004.5945,1
m3-11,279,1395.67,31.2542,0.9766,1004.5134,1
m3-11,280,1400.68,31.2208,0.7324,1004.4961,1
m3-11,281,1405.69,31.2396,0.9766,1004.6548,1
m3-11,282,1410.68,31.2625,0.7324,1004.5764,1
m3-11,283,1415.69,31.2417,0.9766,1004.6748,1
m3-11,284,1420.7,31.2833,0.7324,1004.583,1
m3-11,285,1425.69,31.2688,0.9766,1004.5256,1
m3-11,286,1430.7,31.2354,0.4883,1004.6177,1
m3-11,287,1435.7,31.2417,0.9766,1004.6377,1
m3-11,288,1440.71,31.2625,0.7324,1004.5896,1
m3-11,289,1445.7,31.2292,0.9766,1004.5989,1
m3-11,290,1450.71,31.2333,0.7324,1004.5962,1
m3-11,291,1455.72,31.2604,0.9766,1004.6523,1
m3-11,292,1460.71,31.2812,0.7324,1004.6035,1
m3-11,293,1465.72,31.2833,0.9766,1004.5618,1
m3-11,294,1470.73,31.2437,0.7324,1004.624,1
m3-11,295,1475.73,31.2604,0.9766,1004.5996,1
m3-11,296,1480.72,31.2542,0.7324,1004.6165,1
m3-11,297,1485.73,31.2542,0.9766,1004.6729,1
m3-11,298,1490.74,31.2667,0.7324,1004.5425,1
m3-11,299,1495.73,31.2563,0.9766,1004.6033,1
m3-11,300,1500.74,31.2583,0.7324,1004.72,1
m3-11,301,1505.75,31.2979,0.9766,1004.5164,1
m3-11,302,1510.74,31.275,0.4883,1004.6504,2
m3-11,303,1515.75,31.2646,0.9766,1004.5898,1
m3-11,304,1520.75,31.2854,0.7324,1004.6426,1
m3-11,305,1525.76,31.2708,0.9766,1004.4756,1
m3-11,306,1530.75,31.225,0.4883,1004.5579,1
m3-11,307,1535.76,31.2625,0.9766,1004.648,1
m3-11,308,1540.77,31.2792,0.7324,1004.635,1
m3-11,309,1545.76,31.2708,0.9766,1004.5234,1
m3-11,310,1550.77,31.2583,0.7324,1004.5559,1
m3-11,311,1555.78,31.2437,0.9766,1004.5684,1
m3-11,312,1560.78,31.2458,0.7324,1004.584,1
m3-11,313,1565.78,31.2771,0.9766,1004.5481,1
m3-11,314,1570.78,31.2542,0.7324,1004.613,1
m3-11,315,1575.79,31.2542,0.9766,1004.6582,1
m3-11,316,1580.78,31.2917,0.7324,1004.7031,1
m3-11,317,1585.79,31.2812,0.9766,1004.7017,1
m3-11,318,1590.8,31.2854,0.7324,1004.6414,1
m3-11,319,1595.79,31.2833,0.9766,1004.6318,1
m3-11,320,1600.8,31.2646,0.7324,1004.5974,1
m3-11,321,1605.8,31.2542,0.9766,1004.6284,1
m3-11,322,1610.81,31.2708,0.7324,1004.6296,1
m3-11,323,1615.8,31.2563,0.9766,1004.5606,1
m3-11,324,1620.81,31.2667,0.7324,1004.7541,1
m3-11,325,1625.82,31.2875,0.9766,1004.6721,1
m3-11,326,1630.81,31.2708,0.7324,1004.519,1
m3-11,327,1635.82,31.2292,0.9766,1004.6599,1
m3-11,328,1640.83,31.2854,0.7324,1004.5159,1
m3-11,329,1645.83,31.2354,0.9766,1004.6685,1
m3-11,330,1650.83,31.2833,0.7324,1004.6438,1
m3-11,331,1655.83,31.2458,0.9766,1004.6013,1
m3-11,332,1660.84,31.2771,0.7324,1004.6196,1
m3-11,333,1665.83,31.2646,0.9766,1004.636,1
m3-11,334,1670.84,31.2771,0.7324,1004.5544,1
m3-12,1,4.82,30.0729,1.4648,1003.8276,0
m3-12,2,9.83,30.0979,1.4648,1003.811,0
m3-12,3,14.82,30.1375,1.4648,1003.9614,0
m3-12,4,19.83,30.1542,1.709,1003.9092,1
m3-12,5,24.83,30.1729,1.4648,1003.8005,1
m3-12,6,29.83,30.1812,1.4648,1003.8433,0
m3-12,7,34.83,30.2333,1.4648,1003.8079,0
m3-12,8,39.84,30.2458,1.709,1003.6086,1
m3-12,9,44.85,30.2167,1.2207,1003.739,2
m3-12,10,49.84,30.2625,1.709,1003.8081,1
m3-12,11,54.85,30.3104,1.2207,1003.6738,2
m3-12,12,59.86,30.2875,1.709,1003.8733,2
m3-12,13,64.85,30.3542,1.2207,1003.8398,1
m3-12,14,69.86,30.3708,1.709,1003.7495,1
m3-12,15,74.86,30.3583,1.2207,1003.7522,1
m3-12,16,79.87,30.3625,1.709,1003.9688,2
m3-12,17,84.86,30.4292,1.2207,1003.6299,2
m3-12,18,89.87,30.4042,1.4648,1003.8013,1
m3-12,19,94.88,30.4479,1.2207,1003.8306,1
m3-12,20,99.87,30.4521,1.4648,1003.7817,1
m3-12,21,104.88,30.4708,1.2207,1003.6843,1
m3-12,22,109.88,30.4688,1.4648,1003.7961,1
m3-12,23,114.89,30.4958,1.2207,1003.8889,1
m3-12,24,119.88,30.5354,1.4648,1003.731,1
m3-12,25,124.89,30.5104,1.2207,1003.7449,1
m3-12,26,129.9,30.5125,1.4648,1003.7314,1
m3-12,27,134.91,30.5437,1.2207,1003.8274,1
m3-12,28,139.9,30.5458,1.4648,1003.7844,1
m3-12,29,144.91,30.5854,1.2207,1003.645,1
m3-12,30,149.91,30.5458,1.4648,1003.6209,1
m3-12,31,154.92,30.5312,1.2207,1003.7004,1
m3-12,32,159.91,30.5771,1.4648,1003.687,1
m3-12,33,164.92,30.5896,1.2207,1003.7302,1
m3-12,34,169.93,30.6104,1.4648,1003.759,1
m3-12,35,174.94,30.6333,1.2207,1003.7595,1
m3-12,36,179.93,30.625,1.4648,1003.7136,1
m3-12,37,184.93,30.6583,1.2207,1003.7852,1
m3-12,38,189.94,30.6583,1.4648,1003.6792,1
m3-12,39,194.93,30.6375,1.2207,1003.7915,1
m3-12,40,199.94,30.6313,1.4648,1003.7432,1
m3-12,41,204.95,30.7229,1.2207,1003.6851,1
m3-12,42,209.96,30.6354,1.4648,1003.7063,1
m3-12,43,214.95,30.6854,1.2207,1003.6216,1
m3-12,44,219.96,30.675,1.4648,1003.6509,1
m3-12,45,224.96,30.7063,1.2207,1003.5195,1
m3-12,46,229.96,30.6625,1.709,1003.6489,2
m3-12,47,234.96,30.6979,1.2207,1003.5908,1
m3-12,48,239.97,30.6938,1.4648,1003.6587,1
m3-12,49,244.98,30.7146,1.2207,1003.8528,1
m3-12,50,249.97,30.725,1.709,1003.7925,1
m3-12,51,254.98,30.7563,1.2207,1003.688,2
m3-12,52,259.99,30.7292,1.4648,1003.7578,1
m3-12,53,264.99,30.7542,1.2207,1003.6755,1
m3-12,54,269.98,30.7563,1.4648,1003.6968,1
m3-12,55,274.99,30.7604,1.2207,1003.592,1
m3-12,56,280.0,30.7479,1.709,1003.5437,1
m3-12,57,285.01,30.7292,1.2207,1003.6619,2
m3-12,58,290.0,30.7771,1.4648,1003.738,1
m3-12,59,295.01,30.7792,1.2207,1003.6279,1
m3-12,60,300.01,30.7833,1.4648,1003.6477,1
m3-12,61,305.02,30.7792,1.2207,1003.7759,1
m3-12,62,310.01,30.8375,1.4648,1003.7468,1
m3-12,63,315.02,30.8333,1.2207,1003.814,1
m3-12,64,320.03,30.8208,1.4648,1003.8013,1
m3-12,65,325.04,30.8354,1.2207,1003.6982,1
m3-12,66,330.03,30.8229,1.709,1003.6042,1
m3-12,67,335.04,30.8083,1.4648,1003.5364,1
m3-12,68,340.04,30.8229,1.709,1003.7073,1
m3-12,69,345.05,30.8167,1.2207,1003.6533,1
m3-12,70,350.04,30.8292,1.709,1003.6899,1
m3-12,71,355.05,30.85,1.2207,1003.7217,1
m3-12,72,360.06,30.8458,1.709,1003.719,1
m3-12,73,365.07,30.8562,1.4648,1003.7686,1
m3-12,74,370.06,30.8687,1.709,1003.6685,1
m3-12,75,375.06,30.8542,1.2207,1003.657,1
m3-12,76,380.07,30.8375,1.709,1003.6592,1
m3-12,77,385.06,30.85,1.4648,1003.6812,1
m3-12,78,390.07,30.8729,1.4648,1003.614,0
m3-12,79,395.08,30.8729,1.2207,1003.5762,1
m3-12,80,400.09,30.8562,1.709,1003.5603,1
m3-12,81,405.08,30.9062,1.2207,1003.7444,2
m3-12,82,410.09,30.9062,1.709,1003.6594,1
m3-12,83,415.09,30.8917,1.2207,1003.7385,1
m3-12,84,420.09,30.9104,1.709,1003.6128,2
m3-12,85,425.09,30.8667,1.4648,1003.7656,1
m3-12,86,430.1,30.8958,1.709,1003.6938,1
m3-12,87,435.11,30.9167,1.4648,1003.6694,1
m3-12,88,440.1,30.9146,1.4648,1003.6008,0
m3-12,89,445.11,30.9083,1.2207,1003.7026,1
m3-12,90,450.12,30.9479,1.709,1003.7629,1
m3-12,91,455.11,30.9396,1.2207,1003.5588,2
m3-12,92,460.11,30.9,1.709,1003.6487,1
m3-12,93,465.12,30.9125,1.2207,1003.5789,1
m3-12,94,470.13,30.9438,1.709,1003.7314,2
m3-12,95,475.12,30.9625,1.2207,1003.7717,1
m3-12,96,480.13,30.9708,1.709,1003.6465,2
m3-12,97,485.14,30.9354,1.4648,1003.7483,1
m3-12,98,490.13,30.9542,1.709,1003.7402,1
m3-12,99,495.14,30.9854,1.2207,1003.7063,1
m3-12,100,500.14,30.9688,1.709,1003.7283,1
m3-12,101,505.15,30.9833,1.4648,1003.7354,1
m3-12,102,510.14,30.9583,1.709,1003.7302,1
m3-12,103,515.15,31.0,1.2207,1003.5896,2
m3-12,104,520.16,30.9583,1.709,1003.6741,1
m3-12,105,525.15,30.9646,1.2207,1003.6716,1
m3-12,106,530.16,30.9833,1.4648,1003.6616,1
m3-12,107,535.17,31.0,1.2207,1003.697,1
m3-12,108,540.17,30.9792,1.709,1003.7131,1
m3-12,109,545.16,31.0083,1.2207,1003.6963,1
m3-12,110,550.17,30.9896,1.4648,1003.6951,1
m3-12,111,555.18,31.0,1.2207,1003.6953,1
m3-12,112,560.17,30.9896,1.4648,1003.6304,1
m3-12,113,565.18,30.9958,1.2207,1003.4751,1
m3-12,114,570.19,30.925,1.709,1003.7397,2
m3-12,115,575.19,31.0104,1.2207,1003.5737,2
m3-12,116,580.19,31.0271,1.4648,1003.6323,1
m3-12,117,585.19,31.0042,1.2207,1003.7507,1
m3-12,118,590.2,31.0229,1.709,1003.6802,1
m3-12,119,595.19,31.0063,1.2207,1003.6091,1
m3-12,120,600.2,30.9917,1.4648,1003.5911,1
m3-12,121,605.21,31.0229,1.2207,1003.7246,1
m3-12,122,610.2,31.0437,1.4648,1003.7046,1
m3-12,123,615.21,31.0354,1.2207,1003.6218,1
m3-12,124,620.21,31.0104,1.4648,1003.656,1
m3-12,125,625.22,31.0229,1.2207,1003.6606,1
m3-12,126,630.21,31.0271,1.4648,1003.5078,1
m3-12,127,635.22,30.9646,1.2207,1003.5686,1
m3-12,128,640.23,31.025,1.4648,1003.6135,1
m3-12,129,645.22,31.0146,1.2207,1003.7214,1
m3-12,130,650.23,31.0542,1.4648,1003.6238,1
m3-12,131,655.24,31.0208,1.2207,1003.6755,1
m3-12,132,660.24,31.0375,1.4648,1003.6565,1
m3-12,133,665.24,31.0562,1.2207,1003.614,1
m3-12,134,670.24,31.0354,1.4648,1003.7432,1
m3-12,135,675.25,31.0688,1.2207,1003.687,1
m3-12,136,680.24,31.0562,1.4648,1003.6856,1
m3-12,137,685.25,31.0271,1.2207,1003.7383,1
m3-12,138,690.26,31.0708,1.4648,1003.655,1
m3-12,139,695.27,31.0583,1.2207,1003.6682,1
m3-12,140,700.26,31.05,1.4648,1003.5388,1
m3-12,141,705.26,31.0521,1.2207,1003.7737,1
m3-12,142,710.27,31.05,1.4648,1003.6797,1
m3-12,143,715.26,31.0688,1.2207,1003.7712,1
m3-12,144,720.27,31.0854,1.4648,1003.6814,1
m3-12,145,725.28,31.0833,1.2207,1003.6582,1
m3-12,146,730.29,31.0875,1.4648,1003.6794,1
m3-12,147,735.28,31.0688,1.2207,1003.6255,1
m3-12,148,740.29,31.0417,1.4648,1003.6436,1
m3-12,149,745.29,31.0583,0.9766,1003.6343,1
m3-12,150,750.29,31.0458,1.4648,1003.6272,1
m3-12,151,755.29,31.05,0.9766,1003.7214,1
m3-12,152,760.3,31.0708,1.4648,1003.6511,1
m3-12,153,765.31,31.0271,0.9766,1003.5386,2
m3-12,154,770.3,31.0583,1.4648,1003.6209,1
m3-12,155,775.31,31.0646,1.2207,1003.7913,1
m3-12,156,780.32,31.1187,1.2207,1003.8396,0
m3-12,157,785.31,31.1083,0.9766,1003.6772,1
m3-12,158,790.31,31.1021,1.4648,1003.605,1
m3-12,159,795.32,31.0521,0.9766,1003.6792,1
m3-12,160,800.31,31.0938,1.2207,1003.6936,1
m3-12,161,805.32,31.0938,0.9766,1003.7039,1
m3-12,162,810.33,31.0833,1.4648,1003.6067,1
m3-12,163,815.34,31.0708,0.9766,1003.6333,1
m3-12,164,820.33,31.1042,1.2207,1003.6433,1
m3-12,165,825.34,31.1021,0.9766,1003.6675,1
m3-12,166,830.34,31.0896,1.2207,1003.4807,1
m3-12,167,835.34,31.0917,0.9766,1003.6919,1
m3-12,168,840.34,31.1021,1.2207,1003.7749,1
m3-12,169,845.35,31.1438,0.9766,1003.6633,1
m3-12,170,850.36,31.1083,1.2207,1003.6633,1
m3-12,171,855.35,31.1104,0.9766,1003.6956,1
m3-12,172,860.36,31.1042,1.2207,1003.6797,1
m3-12,173,865.36,31.1104,0.9766,1003.5901,1
m3-12,174,870.36,31.1187,1.2207,1003.8003,1
m3-12,175,875.36,31.1458,0.9766,1003.8079,1
m3-12,176,880.37,31.1396,1.2207,1003.7605,1
m3-12,177,885.38,31.15,0.9766,1003.6013,1
m3-12,178,890.37,31.0875,1.2207,1003.6045,1
m3-12,179,895.38,31.1292,0.9766,1003.6724,1
m3-12,180,900.39,31.1125,1.2207,1003.73,1
m3-12,181,905.38,31.1375,0.9766,1003.6409,1
m3-12,182,910.39,31.1313,1.2207,1003.5784,1
m3-12,183,915.39,31.1417,0.9766,1003.596,1
m3-12,184,920.4,31.0917,1.2207,1003.6216,1
m3-12,185,925.39,31.1354,0.9766,1003.7708,1
m3-12,186,930.4,31.1417,1.2207,1003.8157,1
m3-12,187,935.41,31.1458,0.9766,1003.7144,1
m3-12,188,940.4,31.1271,1.2207,1003.6343,1
m3-12,189,945.41,31.1146,0.9766,1003.771,1
m3-12,190,950.41,31.1687,1.2207,1003.7722,1
m3-12,191,955.42,31.1396,0.9766,1003.6926,1
m3-12,192,960.41,31.1458,1.2207,1003.6577,1
m3-12,193,965.42,31.1542,0.9766,1003.6008,1
m3-12,194,970.43,31.1125,1.2207,1003.5637,1
m3-12,195,975.42,31.1,0.7324,1003.6912,2
m3-12,196,980.43,31.125,1.2207,1003.6682,1
m3-12,197,985.44,31.1354,0.7324,1003.6897,1
m3-12,198,990.44,31.1354,0.9766,1003.5884,1
m3-12,199,995.44,31.1146,0.7324,1003.5791,1
m3-12,200,1000.44,31.1354,0.9766,1003.592,1
m3-12,201,1005.45,31.1104,0.7324,1003.6528,1
m3-12,202,1010.44,31.1313,0.9766,1003.6231,1
m3-12,203,1015.45,31.1542,0.7324,1003.7358,1
m3-12,204,1020.46,31.1375,0.9766,1003.5981,1
m3-12,205,1025.46,31.1271,0.7324,1003.6582,1
m3-12,206,1030.46,31.1417,0.9766,1003.6104,1
m3-12,207,1035.46,31.15,0.7324,1003.6367,1
m3-12,208,1040.47,31.1062,0.9766,1003.6794,1
m3-12,209,1045.46,31.1062,0.7324,1003.6726,1
m3-12,210,1050.47,31.1604,0.9766,1003.5938,1
m3-12,211,1055.48,31.1479,0.7324,1003.6753,1
m3-12,212,1060.47,31.1687,0.9766,1003.6489,1
m3-12,213,1065.48,31.1292,0.7324,1003.4922,1
m3-12,214,1070.49,31.1125,0.9766,1003.6218,1
m3-12,215,1075.49,31.1562,0.7324,1003.6863,1
m3-12,216,1080.49,31.1708,0.9766,1003.6775,1
m3-12,217,1085.49,31.1562,0.7324,1003.6091,1
m3-12,218,1090.5,31.1354,0.9766,1003.7344,1
m3-12,219,1095.49,31.1812,0.7324,1003.6858,1
m3-12,220,1100.5,31.1792,0.9766,1003.6997,1
m3-12,221,1105.51,31.1729,0.7324,1003.7881,1
m3-12,222,1110.51,31.1542,0.9766,1003.6035,1
m3-12,223,1115.51,31.1542,0.7324,1003.6931,1
m3-12,224,1120.51,31.1708,0.9766,1003.5828,1
m3-12,225,1125.52,31.1333,0.7324,1003.6443,1
m3-12,226,1130.51,31.1562,0.9766,1003.6248,1
m3-12,227,1135.52,31.1438,0.7324,1003.6538,1
m3-12,228,1140.53,31.1604,0.9766,1003.7004,1
m3-12,229,1145.54,31.1438,0.7324,1003.6611,1
m3-12,230,1150.53,31.1687,0.9766,1003.5791,1
m3-12,231,1155.54,31.1292,0.7324,1003.606,1
m3-12,232,1160.54,31.1562,0.9766,1003.7151,1
m3-12,233,1165.53,31.1667,0.7324,1003.5261,1
m3-12,234,1170.54,31.1417,0.9766,1003.6052,1
m3-12,235,1175.55,31.1708,0.7324,1003.7061,1
m3-12,236,1180.54,31.1958,0.9766,1003.6226,1
m3-12,237,1185.55,31.1687,0.7324,1003.5564,1
m3-12,238,1190.56,31.1604,0.9766,1003.5806,1
m3-12,239,1195.56,31.1708,0.4883,1003.5869,1
m3-12,240,1200.56,31.1438,0.9766,1003.6819,1
m3-12,241,1205.56,31.1958,0.4883,1003.5188,2
m3-12,242,1210.57,31.1458,0.9766,1003.7024,2
m3-12,243,1215.56,31.1938,0.4883,1003.6123,2
m3-12,244,1220.57,31.1687,0.9766,1003.6086,1
m3-12,245,1225.58,31.1562,0.4883,1003.4849,2
m3-12,246,1230.59,31.1625,0.7324,1003.6653,1
m3-12,247,1235.58,31.1875,0.7324,1003.668,0
m3-12,248,1240.59,31.1771,0.9766,1003.6633,1
m3-12,249,1245.59,31.1771,0.4883,1003.7048,1
m3-12,250,1250.58,31.1958,0.9766,1003.5041,2
m3-12,251,1255.59,31.1417,0.4883,1003.6648,2
m3-12,252,1260.6,31.2042,0.7324,1003.6894,1
m3-12,253,1265.61,31.1979,0.4883,1003.6365,1
m3-12,254,1270.6,31.1875,0.9766,1003.5232,2
m3-12,255,1275.61,31.15,0.4883,1003.6387,2
m3-12,256,1280.61,31.1771,0.7324,1003.6172,1
m3-12,257,1285.61,31.1979,0.7324,1003.5576,0
m3-12,258,1290.61,31.1708,0.7324,1003.741,0
m3-12,259,1295.62,31.225,0.4883,1003.5762,1
m3-12,260,1300.61,31.175,0.9766,1003.5532,1
m3-12,261,1305.62,31.1333,0.9766,1003.6562,0
m3-12,262,1310.63,31.1792,0.7324,1003.6863,1
m3-12,263,1315.64,31.2188,0.7324,1003.6152,0
m3-12,264,1320.63,31.1958,0.7324,1003.6511,0
m3-12,265,1325.63,31.2104,0.4883,1003.7263,1
m3-12,266,1330.64,31.2104,0.4883,1003.5684,0
m3-12,267,1335.63,31.1792,0.7324,1003.606,1
m3-12,268,1340.64,31.1875,0.7324,1003.5298,0
m3-12,269,1345.65,31.2188,0.7324,1003.6167,0
m3-12,270,1350.66,31.2,0.7324,1003.6221,0
m3-12,271,1355.65,31.1958,0.9766,1003.5286,1
m3-12,272,1360.66,31.1812,0.4883,1003.6763,2
m3-12,273,1365.66,31.2333,0.7324,1003.5828,1
m3-12,274,1370.66,31.2188,0.7324,1003.6323,0
m3-12,275,1375.66,31.2146,0.7324,1003.7312,0
m3-12,276,1380.67,31.2292,0.4883,1003.6655,1
m3-12,277,1385.68,31.1979,0.9766,1003.5964,1
m3-12,278,1390.67,31.2125,0.4883,1003.604,1
m3-12,279,1395.68,31.2083,0.7324,1003.6426,1
m3-12,280,1400.69,31.2021,0.4883,1003.574,1
m3-12,281,1405.68,31.1854,0.7324,1003.7151,1
m3-12,282,1410.68,31.2125,0.4883,1003.7346,1
m3-12,283,1415.69,31.2271,0.7324,1003.6228,1
m3-12,284,1420.7,31.2,0.4883,1003.6101,1
m3-12,285,1425.69,31.2125,0.7324,1003.6126,1
m3-12,286,1430.7,31.2208,0.4883,1003.698,1
m3-12,287,1435.71,31.2292,0.7324,1003.6682,1
m3-12,288,1440.7,31.2021,0.4883,1003.7268,1
m3-12,289,1445.71,31.2271,0.7324,1003.6794,1
m3-12,290,1450.71,31.2333,0.4883,1003.645,1
m3-12,291,1455.71,31.2188,0.7324,1003.6284,1
m3-12,292,1460.71,31.2167,0.4883,1003.6084,1
m3-12,293,1465.72,31.2167,0.7324,1003.6733,1
m3-12,294,1470.73,31.1938,0.4883,1003.6187,1
m3-12,295,1475.72,31.2042,0.7324,1003.6287,1
m3-12,296,1480.73,31.2021,0.4883,1003.5337,1
m3-12,297,1485.74,31.1771,0.7324,1003.5874,1
m3-12,298,1490.73,31.2146,0.4883,1003.5286,1
m3-12,299,1495.73,31.1854,0.7324,1003.7087,1
m3-12,300,1500.74,31.2292,0.4883,1003.5496,1
m3-12,301,1505.75,31.1938,0.7324,1003.5144,1
m3-12,302,1510.74,31.175,0.4883,1003.5198,1
m3-12,303,1515.75,31.2229,0.7324,1003.6301,1
m3-12,304,1520.76,31.2042,0.4883,1003.6797,1
m3-12,305,1525.75,31.2125,0.7324,1003.6677,1
m3-12,306,1530.76,31.2125,0.4883,1003.5232,1
m3-12,307,1535.76,31.1771,0.7324,1003.5618,1
m3-12,308,1540.77,31.1958,0.4883,1003.7102,1
m3-12,309,1545.76,31.225,0.7324,1003.5644,1
m3-12,310,1550.77,31.2104,0.4883,1003.573,1
m3-12,311,1555.78,31.1917,0.7324,1003.4294,1
m3-12,312,1560.77,31.2125,0.4883,1003.5869,1
m3-12,313,1565.78,31.1938,0.7324,1003.6799,1
m3-12,314,1570.79,31.2229,0.4883,1003.5188,1
m3-12,315,1575.79,31.1896,0.7324,1003.6267,1
m3-12,316,1580.78,31.1958,0.4883,1003.5525,1
m3-12,317,1585.79,31.1854,0.7324,1003.5447,1
m3-12,318,1590.8,31.1708,0.4883,1003.6294,1
m3-12,319,1595.79,31.1875,0.7324,1003.7217,1
m3-12,320,1600.8,31.2375,0.4883,1003.6418,1
m3-12,321,1605.81,31.2042,0.7324,1003.5852,1
m3-12,322,1610.8,31.2021,0.4883,1003.5222,1
m3-12,323,1615.81,31.2229,0.7324,1003.696,1
m3-12,324,1620.81,31.2375,0.4883,1003.7532,1
m3-12,325,1625.82,31.25,0.7324,1003.689,1
m3-12,326,1630.81,31.225,0.4883,1003.6597,1
m3-12,327,1635.82,31.2229,0.7324,1003.6636,1
m3-12,328,1640.83,31.2521,0.4883,1003.6255,1
m3-12,329,1645.82,31.2042,0.7324,1003.6321,1
m3-12,330,1650.83,31.2063,0.4883,1003.5967,1
m3-12,331,1655.83,31.1979,0.7324,1003.7444,1
m3-12,332,1660.84,31.1833,0.4883,1003.6968,1
m3-12,333,1665.83,31.2229,0.7324,1003.54,1
m3-12,334,1670.84,31.1854,0.4883,1003.6936,1
m3-13,1,4.82,28.9062,0.7324,1005.0796,1
m3-13,2,9.81,28.9521,0.7324,1004.9607,0
m3-13,3,14.82,28.9729,0.7324,1004.9338,0
m3-13,4,19.83,28.9688,0.7324,1004.9031,0
m3-13,5,24.84,29.0208,0.7324,1005.0244,0
m3-13,6,29.83,29.0521,0.7324,1005.0908,0
m3-13,7,34.84,29.1,0.7324,1005.0129,0
m3-13,8,39.84,29.0917,0.7324,1004.9556,0
m3-13,9,44.84,29.0875,0.7324,1004.9968,0
m3-13,10,49.84,29.1271,0.9766,1005.1084,1
m3-13,11,54.85,29.1792,0.7324,1004.9714,1
m3-13,12,59.86,29.1729,0.9766,1005.1174,1
m3-13,13,64.85,29.2437,0.4883,1004.9426,2
m3-13,14,69.86,29.225,0.9766,1004.9622,1
m3-13,15,74.87,29.2312,0.4883,1004.9085,1
m3-13,16,79.86,29.2042,0.9766,1005.0059,1
m3-13,17,84.86,29.2375,0.4883,1004.9856,1
m3-13,18,89.87,29.2542,0.9766,1004.9514,1
m3-13,19,94.88,29.2646,0.4883,1005.0105,1
m3-13,20,99.87,29.3042,0.9766,1005.029,1
m3-13,21,104.88,29.3167,0.4883,1005.0281,1
m3-13,22,109.89,29.3458,0.9766,1004.9314,1
m3-13,23,114.88,29.3271,0.4883,1004.9656,1
m3-13,24,119.89,29.3417,0.9766,1004.9788,1
m3-13,25,124.89,29.3562,0.4883,1004.979,1
m3-13,26,129.9,29.3729,0.9766,1005.0156,1
m3-13,27,134.89,29.3979,0.4883,1004.9363,1
m3-13,28,139.9,29.3813,0.9766,1004.9871,1
m3-13,29,144.91,29.4042,0.4883,1005.052,1
m3-13,30,149.92,29.4292,0.9766,1005.0417,1
m3-13,31,154.91,29.4312,0.4883,1004.9844,1
m3-13,32,159.92,29.4604,0.9766,1005.0312,1
m3-13,33,164.92,29.4521,0.4883,1004.9966,1
m3-13,34,169.93,29.4646,0.9766,1004.9876,1
m3-13,35,174.92,29.475,0.4883,1005.019,1
m3-13,36,179.93,29.4854,0.9766,1004.9663,1
m3-13,37,184.94,29.4875,0.4883,1004.9932,1
m3-13,38,189.93,29.5021,0.9766,1005.0259,1
m3-13,39,194.94,29.5042,0.7324,1004.9404,1
m3-13,40,199.95,29.5021,0.9766,1004.9133,1
m3-13,41,204.95,29.5208,0.4883,1004.887,1
m3-13,42,209.94,29.5292,0.9766,1004.9348,1
m3-13,43,214.95,29.5562,0.7324,1005.0066,1
m3-13,44,219.96,29.5708,0.9766,1004.9907,1
m3-13,45,224.95,29.5521,0.7324,1005.04,1
m3-13,46,229.96,29.6062,0.9766,1004.9231,1
m3-13,47,234.97,29.5896,0.7324,1005.0339,1
m3-13,48,239.97,29.5896,0.9766,1004.8857,1
m3-13,49,244.97,29.5688,0.7324,1004.9346,1
m3-13,50,249.97,29.6062,0.9766,1004.8909,1
m3-13,51,254.98,29.6021,0.7324,1004.8867,1
m3-13,52,259.99,29.5917,0.9766,1004.8467,1
m3-13,53,264.98,29.5938,0.7324,1005.0657,1
m3-13,54,269.99,29.6562,0.9766,1004.844,1
m3-13,55,275.0,29.6042,0.7324,1004.9636,1
m3-13,56,280.0,29.6292,0.9766,1004.9302,1
m3-13,57,285.0,29.6438,0.7324,1004.8433,1
m3-13,58,290.0,29.6187,0.9766,1004.9499,1
m3-13,59,295.01,29.6521,0.7324,1004.999,1
m3-13,60,300.02,29.6562,0.9766,1005.0718,1
m3-13,61,305.01,29.7,0.7324,1005.012,1
m3-13,62,310.02,29.6938,0.9766,1005.0657,1
m3-13,63,315.03,29.7208,0.7324,1004.9565,1
m3-13,64,320.03,29.6875,0.9766,1004.967,1
m3-13,65,325.02,29.6875,0.7324,1004.9529,1
m3-13,66,330.03,29.6958,0.9766,1004.9644,1
m3-13,67,335.04,29.6833,0.7324,1004.9612,1
m3-13,68,340.05,29.6938,0.9766,1004.8604,1
m3-13,69,345.04,29.6771,0.7324,1004.9133,1
m3-13,70,350.05,29.7,0.9766,1004.9238,1
m3-13,71,355.06,29.7021,0.7324,1004.8982,1
m3-13,72,360.06,29.7063,0.9766,1004.958,1
m3-13,73,365.05,29.7229,0.7324,1004.9453,1
m3-13,74,370.06,29.7312,0.9766,1004.9277,1
m3-13,75,375.07,29.7375,0.7324,1004.8936,1
m3-13,76,380.06,29.7063,0.9766,1004.9082,1
m3-13,77,385.07,29.7396,0.7324,1004.908,1
m3-13,78,390.08,29.7458,0.9766,1004.7429,1
m3-13,79,395.08,29.6854,0.7324,1005.032,1
m3-13,80,400.08,29.7792,0.9766,1004.9573,1
m3-13,81,405.08,29.7521,0.7324,1004.9949,1
m3-13,82,410.09,29.75,0.9766,1004.8435,1
m3-13,83,415.08,29.725,0.7324,1004.9307,1
m3-13,84,420.09,29.7563,0.9766,1004.9297,1
m3-13,85,425.1,29.7437,0.7324,1005.0676,1
m3-13,86,430.11,29.8125,0.9766,1004.7629,1
m3-13,87,435.1,29.7792,0.7324,1004.9253,1
m3-13,88,440.11,29.7792,0.9766,1005.0366,1
m3-13,89,445.11,29.8271,0.7324,1004.8967,1
m3-13,90,450.1,29.7771,0.9766,1004.9468,1
m3-13,91,455.11,29.7833,0.7324,1004.9358,1
m3-13,92,460.12,29.7979,0.9766,1004.9016,1
m3-13,93,465.11,29.7833,0.7324,1005.0603,1
m3-13,94,470.12,29.8208,0.9766,1004.9907,1
m3-13,95,475.13,29.8229,0.7324,1005.023,1
m3-13,96,480.13,29.8271,0.9766,1004.9792,1
m3-13,97,485.13,29.8104,0.7324,1004.9822,1
m3-13,98,490.13,29.8354,0.9766,1004.8896,1
m3-13,99,495.14,29.8021,0.7324,1004.918,1
m3-13,100,500.13,29.8292,0.9766,1004.8821,1
m3-13,101,505.14,29.8125,0.7324,1004.9353,1
m3-13,102,510.15,29.8292,0.9766,1004.7622,1
m3-13,103,515.16,29.7792,0.7324,1004.9629,1
m3-13,104,520.15,29.8438,0.9766,1004.8843,1
m3-13,105,525.16,29.8146,0.4883,1004.8193,1
m3-13,106,530.16,29.8062,0.9766,1004.9053,1
m3-13,107,535.16,29.8521,0.4883,1004.9949,2
m3-13,108,540.16,29.8646,0.9766,1004.9011,1
m3-13,109,545.17,29.8792,0.4883,1004.9236,1
m3-13,110,550.18,29.8333,0.9766,1004.8987,1
m3-13,111,555.17,29.8438,0.4883,1004.8945,1
m3-13,112,560.18,29.8333,0.9766,1004.9238,1
m3-13,113,565.19,29.8646,0.4883,1004.8423,1
m3-13,114,570.18,29.8333,0.9766,1004.9741,2
m3-13,115,575.18,29.8542,0.4883,1004.8179,2
m3-13,116,580.19,29.8646,0.9766,1004.8506,1
m3-13,117,585.2,29.85,0.4883,1004.8911,1
m3-13,118,590.19,29.8333,0.9766,1004.8931,1
m3-13,119,595.2,29.8646,0.4883,1004.9981,2
m3-13,120,600.21,29.8854,0.9766,1004.8809,2
m3-13,121,605.2,29.8479,0.4883,1004.8874,1
m3-13,122,610.21,29.8562,0.9766,1004.9719,1
m3-13,123,615.21,29.8792,0.4883,1004.9102,1
m3-13,124,620.21,29.8417,0.9766,1004.8662,1
m3-13,125,625.21,29.8646,0.4883,1004.8914,1
m3-13,126,630.22,29.8604,0.9766,1004.9817,1
m3-13,127,635.23,29.8958,0.4883,1004.8738,2
m3-13,128,640.22,29.8667,0.7324,1004.884,1
m3-13,129,645.23,29.8687,0.4883,1004.9946,1
m3-13,130,650.24,29.8875,0.7324,1004.9592,1
m3-13,131,655.23,29.8792,0.4883,1004.9251,1
m3-13,132,660.24,29.8771,0.7324,1004.9622,1
m3-13,133,665.24,29.9104,0.4883,1004.8882,1
m3-13,134,670.25,29.8583,0.7324,1004.9429,1
m3-13,135,675.24,29.8938,0.4883,1004.9849,1
m3-13,136,680.25,29.8979,0.7324,1004.7241,1
m3-13,137,685.26,29.8646,0.4883,1004.9536,1
m3-13,138,690.25,29.8792,0.7324,1004.8879,1
m3-13,139,695.26,29.9146,0.4883,1004.853,1
m3-13,140,700.26,29.9208,0.7324,1004.9358,1
m3-13,141,705.27,29.9104,0.4883,1004.8801,1
m3-13,142,710.26,29.8813,0.7324,1004.9006,1
m3-13,143,715.27,29.9125,0.4883,1004.9136,1
m3-13,144,720.28,29.8833,0.7324,1004.846,1
m3-13,145,725.27,29.8875,0.4883,1004.7502,1
m3-13,146,730.28,29.9083,0.7324,1004.7974,1
m3-13,147,735.29,29.8896,0.4883,1004.8296,1
m3-13,148,740.28,29.8979,0.7324,1004.9531,1
m3-13,149,745.29,29.9125,0.4883,1004.9192,1
m3-13,150,750.29,29.925,0.7324,1004.8259,1
m3-13,151,755.3,29.8875,0.4883,1004.8706,1
m3-13,152,760.29,29.9167,0.7324,1004.9031,1
m3-13,153,765.3,29.9125,0.4883,1004.8826,1
m3-13,154,770.31,29.9042,0.7324,1004.8857,1
m3-13,155,775.3,29.9229,0.4883,1004.779,1
m3-13,156,780.31,29.8917,0.7324,1004.9099,1
m3-13,157,785.32,29.9208,0.4883,1004.8357,1
m3-13,158,790.32,29.9125,0.7324,1004.9006,1
m3-13,159,795.31,29.9167,0.4883,1004.8984,1
m3-13,160,800.32,29.9396,0.7324,1004.8452,1
m3-13,161,805.33,29.9187,0.4883,1004.9023,1
m3-13,162,810.32,29.9521,0.7324,1004.9641,1
m3-13,163,815.33,29.9583,0.4883,1004.885,1
m3-13,164,820.34,29.95,0.7324,1004.8333,1
m3-13,165,825.34,29.9083,0.4883,1004.9026,1
m3-13,166,830.34,29.9521,0.7324,1004.9202,1
m3-13,167,835.34,29.9,0.4883,1004.9377,1
m3-13,168,840.35,29.9604,0.7324,1004.9016,1
m3-13,169,845.34,29.9438,0.4883,1004.9714,1
m3-13,170,850.35,29.9438,0.7324,1004.8135,1
m3-13,171,855.36,29.9563,0.4883,1004.8171,1
m3-13,172,860.35,29.9229,0.7324,1004.7639,1
m3-13,173,865.36,29.9354,0.4883,1004.8132,1
m3-13,174,870.37,29.9312,0.7324,1004.8867,1
m3-13,175,875.37,29.9458,0.4883,1004.7686,1
m3-13,176,880.37,29.9083,0.7324,1004.8542,1
m3-13,177,885.37,29.9271,0.4883,1004.8586,1
m3-13,178,890.38,29.9438,0.7324,1004.7881,1
m3-13,179,895.37,29.9438,0.4883,1004.8389,1
m3-13,180,900.38,29.9354,0.7324,1004.8613,1
m3-13,181,905.39,29.9479,0.4883,1004.8071,1
m3-13,182,910.4,29.9354,0.7324,1004.7847,1
m3-13,183,915.39,29.9354,0.4883,1004.792,1
m3-13,184,920.39,29.925,0.7324,1004.7786,1
m3-13,185,925.4,29.9438,0.4883,1004.7886,1
m3-13,186,930.39,29.9438,0.7324,1004.7925,1
m3-13,187,935.4,29.9417,0.4883,1004.8855,1
m3-13,188,940.41,29.9688,0.7324,1004.8967,1
m3-13,189,945.42,29.9937,0.4883,1004.9187,1
m3-13,190,950.41,29.9792,0.7324,1004.8538,1
m3-13,191,955.42,29.9625,0.4883,1004.8435,1
m3-13,192,960.42,29.9729,0.7324,1004.9478,1
m3-13,193,965.42,29.9604,0.4883,1004.9031,1
m3-13,194,970.42,29.9833,0.7324,1004.7771,1
m3-13,195,975.43,29.9542,0.4883,1004.9126,1
m3-13,196,980.42,29.9771,0.7324,1004.8032,1
m3-13,197,985.43,29.9646,0.4883,1004.8782,1
m3-13,198,990.44,29.9667,0.7324,1004.8513,1
m3-13,199,995.45,29.9729,0.4883,1004.8599,1
m3-13,200,1000.44,29.9667,0.7324,1004.8911,1
m3-13,201,1005.44,29.9812,0.4883,1004.7415,1
m3-13,202,1010.45,29.9479,0.7324,1004.9199,1
m3-13,203,1015.44,29.9729,0.4883,1004.8452,1
m3-13,204,1020.45,29.9812,0.7324,1004.9543,1
m3-13,205,1025.46,30.0021,0.4883,1004.9197,1
m3-13,206,1030.47,29.9833,0.7324,1004.8882,1
m3-13,207,1035.46,30.0042,0.4883,1004.8335,1
m3-13,208,1040.47,29.9583,0.7324,1004.905,1
m3-13,209,1045.47,29.9917,0.4883,1004.8777,1
m3-13,210,1050.47,29.9854,0.7324,1004.8552,1
m3-13,211,1055.47,29.9708,0.4883,1004.898,1
m3-13,212,1060.48,29.9854,0.7324,1004.8635,1
m3-13,213,1065.47,29.9917,0.4883,1004.832,1
m3-13,214,1070.48,29.9771,0.7324,1004.9172,1
m3-13,215,1075.49,29.9937,0.4883,1004.9294,1
m3-13,216,1080.5,30.0125,0.7324,1004.907,1
m3-13,217,1085.49,29.9958,0.4883,1004.8752,1
m3-13,218,1090.5,30.0063,0.7324,1004.8516,1
m3-13,219,1095.5,29.9688,0.4883,1004.8643,1
m3-13,220,1100.49,30.0021,0.7324,1004.8596,1
m3-13,221,1105.5,30.0167,0.4883,1004.9441,1
m3-13,222,1110.51,29.9937,0.7324,1004.8791,1
m3-13,223,1115.52,29.9604,0.4883,1004.8936,1
m3-13,224,1120.51,29.9812,0.7324,1004.9412,1
m3-13,225,1125.52,30.0,0.4883,1004.8921,1
m3-13,226,1130.52,30.0021,0.7324,1004.7903,1
m3-13,227,1135.52,29.9688,0.4883,1004.9341,1
m3-13,228,1140.52,29.9958,0.7324,1004.7798,1
m3-13,229,1145.53,29.9729,0.4883,1004.8293,1
m3-13,230,1150.54,29.9917,0.7324,1004.9404,1
m3-13,231,1155.53,30.0271,0.4883,1004.9031,1
m3-13,232,1160.54,30.0167,0.7324,1004.7993,1
m3-13,233,1165.55,29.9875,0.4883,1004.8909,1
m3-13,234,1170.54,30.0042,0.7324,1004.9844,1
m3-13,235,1175.55,30.0458,0.4883,1004.7239,1
m3-13,236,1180.55,29.9688,0.7324,1004.8059,1
m3-13,237,1185.54,30.0146,0.4883,1004.7883,1
m3-13,238,1190.55,30.0,0.7324,1004.9145,1
m3-13,239,1195.56,30.0354,0.4883,1004.8293,1
m3-13,240,1200.57,30.0,0.7324,1004.8406,1
m3-13,241,1205.56,29.9979,0.4883,1004.8562,1
m3-13,242,1210.57,29.9979,0.7324,1004.9617,1
m3-13,243,1215.57,30.0354,0.4883,1004.8696,1
m3-13,244,1220.57,30.025,0.7324,1004.781,1
m3-13,245,1225.57,29.9937,0.4883,1004.8943,1
m3-13,246,1230.58,30.0396,0.7324,1004.8545,1
m3-13,247,1235.59,30.0063,0.4883,1004.8977,1
m3-13,248,1240.58,30.0417,0.7324,1004.9158,1
m3-13,249,1245.59,30.0271,0.4883,1004.8311,1
m3-13,250,1250.6,30.0229,0.7324,1004.8831,1
m3-13,251,1255.59,30.0063,0.4883,1004.8286,1
m3-13,252,1260.6,29.9771,0.7324,1004.887,1
m3-13,253,1265.6,30.0292,0.4883,1004.8398,1
m3-13,254,1270.6,30.0396,0.4883,1004.8447,0
m3-13,255,1275.6,30.0208,0.4883,1004.8892,0
m3-13,256,1280.61,30.05,0.4883,1004.8647,0
m3-13,257,1285.62,29.9812,0.4883,1004.8264,0
m3-13,258,1290.61,30.0417,0.4883,1004.8001,0
m3-13,259,1295.62,30.0354,0.4883,1004.8906,0
m3-13,260,1300.63,30.0542,0.4883,1004.8308,0
m3-13,261,1305.62,30.0333,0.7324,1004.7676,1
m3-13,262,1310.62,30.0437,0.4883,1004.8081,1
m3-13,263,1315.63,30.0292,0.7324,1004.7666,1
m3-13,264,1320.64,30.0063,0.7324,1004.8713,0
m3-13,265,1325.63,30.0479,0.7324,1004.7151,0
m3-13,266,1330.64,30.0229,0.4883,1004.8381,1
m3-13,267,1335.65,30.0354,0.7324,1004.8469,1
m3-13,268,1340.64,30.025,0.7324,1004.8787,0
m3-13,269,1345.65,30.0542,0.7324,1004.6587,1
m3-13,270,1350.65,29.9937,0.2441,1004.731,1
m3-13,271,1355.65,30.0063,0.4883,1004.7842,1
m3-13,272,1360.65,30.0271,0.7324,1004.7944,1
m3-13,273,1365.66,30.0146,0.7324,1004.9426,0
m3-13,274,1370.67,30.0854,0.2441,1004.7961,2
m3-13,275,1375.66,30.0333,0.4883,1004.7705,1
m3-13,276,1380.67,30.0188,0.4883,1004.6282,0
m3-13,277,1385.68,29.9917,0.4883,1004.8713,1
m3-13,278,1390.67,30.0312,0.4883,1004.7292,0
m3-13,279,1395.68,29.9979,0.4883,1004.783,0
m3-13,280,1400.68,30.0437,0.4883,1004.7712,0
m3-13,281,1405.69,30.0396,0.7324,1004.8408,1
m3-13,282,1410.68,30.0396,0.4883,1004.7197,1
m3-13,283,1415.69,30.0208,0.7324,1004.7158,1
m3-13,284,1420.7,30.0271,0.4883,1004.8245,1
m3-13,285,1425.69,30.0104,0.7324,1004.7363,1
m3-13,286,1430.7,30.0229,0.4883,1004.7849,1
m3-13,287,1435.7,30.0,0.7324,1004.8003,1
m3-13,288,1440.7,30.0417,0.2441,1004.8784,1
m3-13,289,1445.7,30.0771,0.7324,1004.852,1
m3-13,290,1450.71,30.0583,0.2441,1004.7922,1
m3-13,291,1455.72,30.0188,0.7324,1004.8887,2
m3-13,292,1460.71,30.0688,0.2441,1004.7717,2
m3-13,293,1465.72,30.0396,0.7324,1004.8245,1
m3-13,294,1470.73,30.0479,0.2441,1004.8706,1
m3-13,295,1475.72,30.0583,0.7324,1004.7773,1
m3-13,296,1480.73,30.0396,0.2441,1004.8276,1
m3-13,297,1485.73,30.05,0.7324,1004.9329,1
m3-13,298,1490.74,30.0729,0.2441,1004.9036,1
m3-13,299,1495.73,30.0813,0.7324,1004.885,1
m3-13,300,1500.74,30.0542,0.2441,1004.8906,1
m3-13,301,1505.75,30.0667,0.7324,1004.7559,2
m3-13,302,1510.74,30.0333,0.4883,1004.8123,1
m3-13,303,1515.75,30.0667,0.7324,1004.8052,1
m3-13,304,1520.76,30.05,0.4883,1004.8696,1
m3-13,305,1525.75,30.0708,0.7324,1004.9387,1
m3-13,306,1530.75,30.1,0.4883,1004.792,1
m3-13,307,1535.76,30.0437,0.7324,1004.8845,1
m3-13,308,1540.77,30.0604,0.4883,1004.8838,1
m3-13,309,1545.76,30.0479,0.7324,1004.8577,1
m3-13,310,1550.77,30.0479,0.4883,1004.769,1
m3-13,311,1555.78,30.0604,0.7324,1004.8171,1
m3-13,312,1560.77,30.075,0.4883,1004.759,1
m3-13,313,1565.78,30.0271,0.7324,1004.7852,1
m3-13,314,1570.78,30.0229,0.4883,1004.9128,1
m3-13,315,1575.79,30.0667,0.7324,1004.8435,1
m3-13,316,1580.78,30.0188,0.4883,1004.9038,1
m3-13,317,1585.79,30.0583,0.7324,1004.8833,1
m3-13,318,1590.8,30.0667,0.4883,1004.7895,1
m3-13,319,1595.79,30.0562,0.7324,1004.7578,1
m3-13,320,1600.8,30.0458,0.4883,1004.8794,1
m3-13,321,1605.81,30.0458,0.7324,1004.8196,1
m3-13,322,1610.81,30.0583,0.4883,1004.8535,1
m3-13,323,1615.8,30.0542,0.7324,1004.9053,1
m3-13,324,1620.81,30.0708,0.4883,1004.8799,1
m3-13,325,1625.82,30.0771,0.7324,1004.9387,1
m3-13,326,1630.81,30.075,0.4883,1004.8874,1
m3-13,327,1635.82,30.0667,0.7324,1004.9519,1
m3-13,328,1640.83,30.0625,0.4883,1004.8838,1
m3-13,329,1645.83,30.0688,0.7324,1004.8318,1
m3-13,330,1650.83,30.0479,0.4883,1004.8716,1
m3-13,331,1655.83,30.0667,0.7324,1004.8826,1
m3-13,332,1660.84,30.0813,0.4883,1004.8279,1
m3-13,333,1665.83,30.05,0.7324,1004.822,1
m3-13,334,1670.84,30.05,0.4883,1004.7712,1
m3-14,1,4.82,30.0771,0.7324,1003.4985,1
m3-14,2,9.82,30.0667,0.9766,1003.5786,1
m3-14,3,14.82,30.1083,0.7324,1003.5347,1
m3-14,4,19.83,30.1375,0.9766,1003.6194,1
m3-14,5,24.82,30.1521,0.7324,1003.5486,1
m3-14,6,29.83,30.1854,0.9766,1003.5461,1
m3-14,7,34.84,30.1625,0.7324,1003.5422,1
m3-14,8,39.85,30.2104,0.9766,1003.4316,1
m3-14,9,44.84,30.2271,0.7324,1003.5422,1
m3-14,10,49.84,30.2667,0.9766,1003.6108,1
m3-14,11,54.85,30.2812,0.7324,1003.394,1
m3-14,12,59.84,30.2521,0.9766,1003.5186,1
m3-14,13,64.85,30.3104,0.7324,1003.4407,1
m3-14,14,69.86,30.3104,0.9766,1003.5627,1
m3-14,15,74.87,30.35,0.7324,1003.4377,1
m3-14,16,79.86,30.3292,0.9766,1003.5608,1
m3-14,17,84.87,30.375,0.7324,1003.4946,1
m3-14,18,89.87,30.3833,0.9766,1003.5881,1
m3-14,19,94.87,30.4187,0.7324,1003.5491,1
m3-14,20,99.87,30.4208,0.9766,1003.4878,1
m3-14,21,104.88,30.4333,0.7324,1003.573,1
m3-14,22,109.89,30.4521,0.9766,1003.6072,1
m3-14,23,114.88,30.4958,0.7324,1003.5732,1
m3-14,24,119.89,30.4833,0.9766,1003.4941,1
m3-14,25,124.9,30.4729,0.7324,1003.5122,1
m3-14,26,129.9,30.5146,0.9766,1003.5007,1
m3-14,27,134.89,30.5188,0.7324,1003.5911,1
m3-14,28,139.9,30.5437,0.9766,1003.5256,1
m3-14,29,144.91,30.5562,0.7324,1003.5564,1
m3-14,30,149.92,30.5729,0.9766,1003.4727,1
m3-14,31,154.91,30.5688,0.7324,1003.4309,1
m3-14,32,159.92,30.5875,0.9766,1003.471,1
m3-14,33,164.92,30.575,0.7324,1003.4922,1
m3-14,34,169.93,30.6083,0.9766,1003.4553,1
m3-14,35,174.92,30.5917,0.7324,1003.4058,1
m3-14,36,179.93,30.5875,0.9766,1003.5237,1
m3-14,37,184.94,30.6125,0.7324,1003.4902,1
m3-14,38,189.93,30.6229,0.9766,1003.5132,1
m3-14,39,194.94,30.6333,0.7324,1003.4485,1
m3-14,40,199.95,30.6542,0.9766,1003.4438,1
m3-14,41,204.95,30.6604,0.7324,1003.4194,1
m3-14,42,209.95,30.6646,0.9766,1003.4136,1
m3-14,43,214.95,30.6354,0.7324,1003.4468,1
m3-14,44,219.96,30.6812,0.9766,1003.4612,1
m3-14,45,224.95,30.6708,0.7324,1003.4102,1
m3-14,46,229.96,30.6708,0.9766,1003.4985,1
m3-14,47,234.97,30.6917,0.7324,1003.3782,1
m3-14,48,239.98,30.6917,0.9766,1003.5449,1
m3-14,49,244.97,30.7083,0.7324,1003.396,1
m3-14,50,249.97,30.7167,0.9766,1003.5535,1
m3-14,51,254.98,30.7437,0.7324,1003.4099,1
m3-14,52,259.99,30.7417,0.9766,1003.4819,1
m3-14,53,264.98,30.75,0.7324,1003.4578,1
m3-14,54,269.99,30.7542,0.9766,1003.4985,1
m3-14,55,275.0,30.7583,0.7324,1003.4795,1
m3-14,56,280.0,30.7625,0.9766,1003.4521,1
m3-14,57,285.0,30.7625,0.7324,1003.4529,1
m3-14,58,290.0,30.7563,0.9766,1003.4458,1
m3-14,59,295.01,30.7812,0.7324,1003.4087,1
m3-14,60,300.02,30.8021,0.9766,1003.5337,1
m3-14,61,305.01,30.8042,0.7324,1003.4341,1
m3-14,62,310.02,30.7917,0.9766,1003.4199,1
m3-14,63,315.03,30.7833,0.7324,1003.5017,1
m3-14,64,320.03,30.8188,0.9766,1003.5271,1
m3-14,65,325.02,30.8146,0.7324,1003.5188,1
m3-14,66,330.03,30.825,0.9766,1003.4319,1
m3-14,67,335.04,30.8375,0.7324,1003.4495,1
m3-14,68,340.05,30.8146,0.9766,1003.5039,1
m3-14,69,345.04,30.8375,0.7324,1003.5088,1
m3-14,70,350.05,30.8417,0.9766,1003.4514,1
m3-14,71,355.05,30.825,0.7324,1003.4883,1
m3-14,72,360.06,30.8562,0.9766,1003.3442,1
m3-14,73,365.05,30.8667,0.7324,1003.3709,1
m3-14,74,370.06,30.8354,0.9766,1003.4331,1
m3-14,75,375.07,30.8458,0.7324,1003.4624,1
m3-14,76,380.08,30.8583,0.9766,1003.5784,1
m3-14,77,385.07,30.8979,0.7324,1003.4876,1
m3-14,78,390.08,30.8729,0.9766,1003.4346,1
m3-14,79,395.08,30.8687,0.7324,1003.4612,1
m3-14,80,400.07,30.8875,0.9766,1003.4499,1
m3-14,81,405.08,30.8917,0.7324,1003.3303,1
m3-14,82,410.09,30.9,0.9766,1003.477,1
m3-14,83,415.08,30.9083,0.7324,1003.3672,1
m3-14,84,420.09,30.8896,0.9766,1003.4028,1
m3-14,85,425.1,30.8938,0.7324,1003.3684,1
m3-14,86,430.1,30.8646,0.9766,1003.4294,1
m3-14,87,435.1,30.9042,0.7324,1003.3684,1
m3-14,88,440.1,30.8792,0.9766,1003.5278,1
m3-14,89,445.11,30.9062,0.7324,1003.5149,1
m3-14,90,450.1,30.9354,0.9766,1003.3716,1
m3-14,91,455.11,30.9229,0.7324,1003.3894,1
m3-14,92,460.12,30.8979,0.9766,1003.4492,1
m3-14,93,465.13,30.9563,0.7324,1003.4841,1
m3-14,94,470.12,30.9354,0.9766,1003.4368,1
m3-14,95,475.13,30.9312,0.7324,1003.4163,1
m3-14,96,480.13,30.9354,0.9766,1003.3628,1
m3-14,97,485.12,30.9312,0.7324,1003.447,1
m3-14,98,490.13,30.9417,0.9766,1003.3494,1
m3-14,99,495.14,30.9354,0.7324,1003.4106,1
m3-14,100,500.15,30.9417,0.9766,1003.4314,1
m3-14,101,505.14,30.9521,0.7324,1003.4753,1
m3-14,102,510.15,30.9646,0.9766,1003.2827,1
m3-14,103,515.15,30.9167,0.7324,1003.4627,1
m3-14,104,520.15,30.9604,0.9766,1003.3755,1
m3-14,105,525.15,30.9396,0.7324,1003.4365,1
m3-14,106,530.16,30.9479,0.9766,1003.4094,1
m3-14,107,535.17,30.9646,0.7324,1003.4141,1
m3-14,108,540.16,30.9563,0.9766,1003.4541,1
m3-14,109,545.17,30.9854,0.7324,1003.321,1
m3-14,110,550.18,30.9729,0.9766,1003.356,1
m3-14,111,555.17,30.9542,0.7324,1003.4861,1
m3-14,112,560.18,31.0021,0.9766,1003.3357,1
m3-14,113,565.18,30.9688,0.7324,1003.2839,1
m3-14,114,570.19,30.9479,0.9766,1003.592,1
m3-14,115,575.18,31.0333,0.7324,1003.5317,1
m3-14,116,580.19,31.0083,0.9766,1003.4712,1
m3-14,117,585.2,30.9667,0.7324,1003.4775,1
m3-14,118,590.19,31.0063,0.9766,1003.3901,1
m3-14,119,595.2,30.9979,0.7324,1003.4292,1
m3-14,120,600.2,31.0021,0.9766,1003.426,1
m3-14,121,605.21,31.0354,0.7324,1003.4697,1
m3-14,122,610.2,31.0146,0.9766,1003.477,1
m3-14,123,615.21,31.025,0.7324,1003.5911,1
m3-14,124,620.22,31.0521,0.9766,1003.5618,1
m3-14,125,625.21,31.0417,0.7324,1003.616,1
m3-14,126,630.22,31.025,0.9766,1003.4634,1
m3-14,127,635.23,31.025,0.4883,1003.5076,1
m3-14,128,640.23,31.0479,0.9766,1003.5073,1
m3-14,129,645.22,31.0396,0.4883,1003.4871,1
m3-14,130,650.23,31.0542,0.9766,1003.4463,1
m3-14,131,655.24,31.0354,0.7324,1003.4629,1
m3-14,132,660.23,31.1042,0.9766,1003.4998,1
m3-14,133,665.24,31.0396,0.4883,1003.4692,1
m3-14,134,670.25,31.075,0.7324,1003.4487,1
m3-14,135,675.25,31.0312,0.4883,1003.4585,1
m3-14,136,680.25,31.0312,0.7324,1003.4817,1
m3-14,137,685.25,31.0583,0.4883,1003.4707,1
m3-14,138,690.26,31.0583,0.9766,1003.4163,1
m3-14,139,695.25,31.0333,0.4883,1003.4573,1
m3-14,140,700.26,31.0604,0.7324,1003.5588,1
m3-14,141,705.27,31.0354,0.4883,1003.3596,1
m3-14,142,710.26,31.0125,0.7324,1003.4622,1
m3-14,143,715.27,31.075,0.4883,1003.3264,1
m3-14,144,720.27,31.0125,0.7324,1003.5164,1
m3-14,145,725.28,31.0646,0.4883,1003.3867,1
m3-14,146,730.27,31.0458,0.7324,1003.4744,1
m3-14,147,735.28,31.0729,0.4883,1003.5312,1
m3-14,148,740.29,31.0792,0.7324,1003.5112,1
m3-14,149,745.28,31.0646,0.4883,1003.4697,1
m3-14,150,750.29,31.0688,0.7324,1003.4717,1
m3-14,151,755.3,31.0833,0.4883,1003.396,1
m3-14,152,760.3,31.0583,0.7324,1003.3088,1
m3-14,153,765.3,31.0542,0.4883,1003.4099,1
m3-14,154,770.3,31.0604,0.7324,1003.3411,1
m3-14,155,775.31,31.0667,0.4883,1003.4265,1
m3-14,156,780.3,31.0667,0.7324,1003.3525,1
m3-14,157,785.31,31.0854,0.4883,1003.3523,1
m3-14,158,790.32,31.075,0.7324,1003.4272,1
m3-14,159,795.33,31.0875,0.4883,1003.585,1
m3-14,160,800.32,31.1208,0.7324,1003.4404,1
m3-14,161,805.32,31.0958,0.4883,1003.46,1
m3-14,162,810.33,31.0875,0.7324,1003.4416,1
m3-14,163,815.32,31.0792,0.4883,1003.4968,1
m3-14,164,820.33,31.0813,0.7324,1003.4048,1
m3-14,165,825.34,31.1021,0.4883,1003.4175,1
m3-14,166,830.35,31.0917,0.7324,1003.4097,1
m3-14,167,835.34,31.0875,0.4883,1003.4841,1
m3-14,168,840.35,31.0917,0.7324,1003.4255,1
m3-14,169,845.35,31.1146,0.4883,1003.3923,1
m3-14,170,850.35,31.0875,0.7324,1003.4436,1
m3-14,171,855.35,31.1083,0.4883,1003.4895,1
m3-14,172,860.36,31.0938,0.7324,1003.5862,1
m3-14,173,865.37,31.1458,0.4883,1003.4341,1
m3-14,174,870.36,31.1187,0.7324,1003.4182,1
m3-14,175,875.37,31.1292,0.4883,1003.4729,1
m3-14,176,880.38,31.1146,0.7324,1003.3997,1
m3-14,177,885.37,31.1229,0.4883,1003.4509,1
m3-14,178,890.37,31.1271,0.7324,1003.49,1
m3-14,179,895.38,31.1187,0.4883,1003.4182,1
m3-14,180,900.39,31.1229,0.7324,1003.4155,1
m3-14,181,905.38,31.1562,0.4883,1003.4673,1
m3-14,182,910.39,31.1375,0.7324,1003.4436,1
m3-14,183,915.4,31.1062,0.4883,1003.3711,1
m3-14,184,920.39,31.0979,0.7324,1003.3044,1
m3-14,185,925.4,31.0854,0.4883,1003.3213,1
m3-14,186,930.4,31.0917,0.7324,1003.3757,1
m3-14,187,935.41,31.1271,0.4883,1003.4285,1
m3-14,188,940.4,31.1208,0.7324,1003.4487,1
m3-14,189,945.41,31.1187,0.4883,1003.4145,1
m3-14,190,950.42,31.1187,0.7324,1003.2898,1
m3-14,191,955.41,31.1021,0.4883,1003.4915,1
m3-14,192,960.42,31.1333,0.7324,1003.398,1
m3-14,193,965.42,31.1146,0.4883,1003.3486,1
m3-14,194,970.42,31.1333,0.7324,1003.3538,1
m3-14,195,975.42,31.1354,0.4883,1003.3557,1
m3-14,196,980.43,31.0896,0.7324,1003.4814,1
m3-14,197,985.44,31.1521,0.4883,1003.3564,1
m3-14,198,990.43,31.125,0.7324,1003.4783,1
m3-14,199,995.44,31.1354,0.4883,1003.4182,1
m3-14,200,1000.45,31.1292,0.7324,1003.5674,1
m3-14,201,1005.44,31.1604,0.2441,1003.2612,2
m3-14,202,1010.45,31.0896,0.7324,1003.3496,2
m3-14,203,1015.45,31.1208,0.2441,1003.3982,1
m3-14,204,1020.46,31.1313,0.7324,1003.4036,1
m3-14,205,1025.45,31.1438,0.2441,1003.4126,1
m3-14,206,1030.46,31.1292,0.4883,1003.4517,1
m3-14,207,1035.47,31.1313,0.2441,1003.4585,1
m3-14,208,1040.46,31.1417,0.4883,1003.5115,1
m3-14,209,1045.47,31.1729,0.2441,1003.3909,1
m3-14,210,1050.47,31.1187,0.4883,1003.4038,1
m3-14,211,1055.48,31.1333,0.2441,1003.3303,1
m3-14,212,1060.47,31.1417,0.4883,1003.4429,1
m3-14,213,1065.48,31.1354,0.2441,1003.4832,1
m3-14,214,1070.49,31.1562,0.4883,1003.3931,1
m3-14,215,1075.48,31.1292,0.2441,1003.4299,1
m3-14,216,1080.49,31.1479,0.4883,1003.4287,1
m3-14,217,1085.5,31.1458,0.2441,1003.2583,1
m3-14,218,1090.5,31.1208,0.4883,1003.4766,1
m3-14,219,1095.5,31.1604,0.2441,1003.4707,1
m3-14,220,1100.5,31.1687,0.4883,1003.4377,1
m3-14,221,1105.51,31.1479,0.2441,1003.3594,1
m3-14,222,1110.5,31.1396,0.4883,1003.4326,1
m3-14,223,1115.51,31.1458,0.2441,1003.4685,1
m3-14,224,1120.52,31.1625,0.4883,1003.5181,1
m3-14,225,1125.51,31.1646,0.2441,1003.2876,1
m3-14,226,1130.52,31.1167,0.4883,1003.46,1
m3-14,227,1135.52,31.1667,0.2441,1003.3396,1
m3-14,228,1140.53,31.1458,0.4883,1003.4688,1
m3-14,229,1145.52,31.1729,0.2441,1003.4414,1
m3-14,230,1150.53,31.1562,0.4883,1003.343,1
m3-14,231,1155.54,31.15,0.2441,1003.386,1
m3-14,232,1160.53,31.1812,0.4883,1003.4277,1
m3-14,233,1165.54,31.1646,0.2441,1003.4504,1
m3-14,234,1170.55,31.1896,0.4883,1003.3723,1
m3-14,235,1175.55,31.1583,0.2441,1003.3433,1
m3-14,236,1180.54,31.1438,0.4883,1003.4954,1
m3-14,237,1185.55,31.1667,0.2441,1003.3813,1
m3-14,238,1190.56,31.1708,0.4883,1003.4551,1
m3-14,239,1195.55,31.1687,0.2441,1003.334,1
m3-14,240,1200.56,31.1583,0.4883,1003.4075,1
m3-14,241,1205.57,31.1542,0.2441,1003.4592,1
m3-14,242,1210.57,31.1812,0.4883,1003.3755,1
m3-14,243,1215.57,31.1667,0.2441,1003.4009,1
m3-14,244,1220.57,31.1646,0.4883,1003.4165,1
m3-14,245,1225.58,31.1479,0.2441,1003.3884,1
m3-14,246,1230.57,31.1771,0.4883,1003.4602,1
m3-14,247,1235.58,31.1896,0.4883,1003.3267,0
m3-14,248,1240.59,31.1583,0.2441,1003.4014,1
m3-14,249,1245.6,31.1729,0.2441,1003.3442,0
m3-14,250,1250.59,31.1958,0.4883,1003.4085,1
m3-14,251,1255.6,31.2,0.4883,1003.2974,0
m3-14,252,1260.6,31.1896,0.2441,1003.3699,1
m3-14,253,1265.59,31.1687,0.2441,1003.3999,0
m3-14,254,1270.6,31.175,0.4883,1003.2427,1
m3-14,255,1275.61,31.1417,0.4883,1003.447,0
m3-14,256,1280.6,31.1729,0.2441,1003.3008,1
m3-14,257,1285.61,31.1542,0.4883,1003.2959,1
m3-14,258,1290.62,31.15,0.2441,1003.3921,1
m3-14,259,1295.62,31.2063,0.4883,1003.2815,1
m3-14,260,1300.62,31.1667,0.2441,1003.2883,1
m3-14,261,1305.62,31.1562,0.4883,1003.2622,1
m3-14,262,1310.63,31.175,0.2441,1003.4087,1
m3-14,263,1315.62,31.2146,0.7324,1003.3496,1
m3-14,264,1320.63,31.1729,0.2441,1003.4023,1
m3-14,265,1325.64,31.2229,0.4883,1003.3857,1
m3-14,266,1330.65,31.1958,0.2441,1003.5154,1
m3-14,267,1335.64,31.2354,0.4883,1003.4692,1
m3-14,268,1340.64,31.1958,0.2441,1003.4211,1
m3-14,269,1345.65,31.2188,0.4883,1003.4299,1
m3-14,270,1350.64,31.2042,0.2441,1003.283,1
m3-14,271,1355.65,31.1667,0.4883,1003.3938,1
m3-14,272,1360.66,31.1938,0.2441,1003.2976,1
m3-14,273,1365.67,31.1771,0.4883,1003.3044,1
m3-14,274,1370.66,31.2042,0.2441,1003.3084,1
m3-14,275,1375.67,31.1667,0.4883,1003.3699,1
m3-14,276,1380.67,31.1917,0.2441,1003.3523,1
m3-14,277,1385.67,31.1958,0.4883,1003.3706,1
m3-14,278,1390.67,31.2,0.2441,1003.3355,1
m3-14,279,1395.68,31.1812,0.4883,1003.3962,1
m3-14,280,1400.69,31.1917,0.2441,1003.2939,1
m3-14,281,1405.68,31.1771,0.4883,1003.3035,1
m3-14,282,1410.69,31.1812,0.2441,1003.3303,1
m3-14,283,1415.7,31.1875,0.4883,1003.4123,1
m3-14,284,1420.69,31.2083,0.2441,1003.2251,1
m3-14,285,1425.69,31.1979,0.4883,1003.3289,1
m3-14,286,1430.7,31.1771,0.2441,1003.4177,1
m3-14,287,1435.69,31.1938,0.4883,1003.4648,1
m3-14,288,1440.7,31.2083,0.2441,1003.426,1
m3-14,289,1445.71,31.2,0.4883,1003.3423,1
m3-14,290,1450.72,31.1833,0.2441,1003.4204,1
m3-14,291,1455.71,31.2125,0.4883,1003.4246,1
m3-14,292,1460.72,31.1833,0.2441,1003.2986,1
m3-14,293,1465.72,31.1833,0.4883,1003.4238,1
m3-14,294,1470.72,31.2083,0.2441,1003.3108,1
m3-14,295,1475.72,31.1771,0.4883,1003.3249,1
m3-14,296,1480.73,31.1625,0.2441,1003.3228,1
m3-14,297,1485.74,31.1833,0.4883,1003.3018,1
m3-14,298,1490.73,31.1708,0.2441,1003.3315,1
m3-14,299,1495.74,31.1833,0.4883,1003.3037,1
m3-14,300,1500.75,31.2,0.2441,1003.283,1
m3-14,301,1505.74,31.1729,0.4883,1003.3843,1
m3-14,302,1510.74,31.175,0.2441,1003.2803,1
m3-14,303,1515.75,31.1625,0.4883,1003.3293,1
m3-14,304,1520.76,31.175,0.2441,1003.2712,1
m3-14,305,1525.75,31.1687,0.4883,1003.3677,1
m3-14,306,1530.76,31.1646,0.2441,1003.2578,1
m3-14,307,1535.77,31.1729,0.4883,1003.3066,1
m3-14,308,1540.76,31.2146,0.2441,1003.3171,1
m3-14,309,1545.77,31.1667,0.4883,1003.2688,1
m3-14,310,1550.77,31.1812,0.2441,1003.3726,1
m3-14,311,1555.77,31.2063,0.4883,1003.2895,1
m3-14,312,1560.77,31.1729,0.2441,1003.217,1
m3-14,313,1565.78,31.2,0.4883,1003.3281,1
m3-14,314,1570.79,31.1896,0.2441,1003.4077,1
m3-14,315,1575.78,31.2021,0.4883,1003.3308,1
m3-14,316,1580.79,31.1979,0.2441,1003.3533,1
m3-14,317,1585.79,31.1917,0.4883,1003.2754,1
m3-14,318,1590.79,31.1792,0.2441,1003.3811,1
m3-14,319,1595.79,31.2146,0.4883,1003.2148,1
m3-14,320,1600.8,31.1604,0.2441,1003.3091,1
m3-14,321,1605.81,31.1958,0.4883,1003.3423,1
m3-14,322,1610.8,31.1917,0.2441,1003.3066,1
m3-14,323,1615.81,31.1792,0.4883,1003.4141,1
m3-14,324,1620.82,31.2188,0.2441,1003.3896,1
m3-14,325,1625.81,31.1833,0.4883,1003.3406,1
m3-14,326,1630.82,31.1583,0.2441,1003.3813,1
m3-14,327,1635.82,31.2063,0.4883,1003.3027,1
m3-14,328,1640.83,31.1812,0.2441,1003.2698,1
m3-14,329,1645.82,31.1875,0.4883,1003.3096,1
m3-14,330,1650.83,31.1771,0.2441,1003.3525,1
m3-14,331,1655.84,31.2,0.4883,1003.3877,1
m3-14,332,1660.83,31.2125,0.2441,1003.3286,1
m3-14,333,1665.84,31.2042,0.4883,1003.3628,1
m3-14,334,1670.84,31.2021,0.2441,1003.3855,1
