lifetime,mean_aoi,median_aoi,max_aoi,total_energy,tx_attempts,successful_tx,pkt_success_rate,tx_rate,stale_ratio,final_battery,mean_rssi,poor_ch_ratio,medium_ch_ratio,good_ch_ratio,policy,method,wE,seed
11.0,2.8599999999999994,2.6,5.6,95.04,6.38,2.84,0.4364523809523809,0.58,0.0036363636363636364,4.96,-91.0,1.0,0.0,0.0,TQ-Cheb(wE=0.1),chebyshev,0.1,0
11.0,3.245454545454545,3.1,6.16,94.1,5.48,2.44,0.42883333333333334,0.4981818181818181,0.010909090909090908,5.9,-91.0,1.0,0.0,0.0,TQ-Cheb(wE=0.3),chebyshev,0.3,0
11.6,5.175151515151516,4.88,10.04,96.54,2.8,1.3,0.465,0.2409090909090909,0.048484848484848485,3.46,-91.0,1.0,0.0,0.0,TQ-Cheb(wE=0.5),chebyshev,0.5,0
11.88,5.770757575757576,5.57,10.54,96.56,2.2,1.02,0.355,0.18606060606060607,0.10575757575757574,3.44,-91.0,1.0,0.0,0.0,TQ-Cheb(wE=0.7),chebyshev,0.7,0
11.94,5.607424242424242,5.38,10.44,96.62,2.4,1.12,0.4133333333333333,0.20151515151515148,0.09166666666666666,3.38,-91.0,1.0,0.0,0.0,TQ-Cheb(wE=0.9),chebyshev,0.9,0
10.98,3.0990909090909096,2.89,5.7,95.44,6.7,2.86,0.4344682539682539,0.610909090909091,0.009272727272727273,4.56,-91.0,1.0,0.0,0.0,TQ-Cheb(wE=0.1),chebyshev,0.1,1
11.26,3.1546969696969693,2.99,5.94,95.48,5.46,2.44,0.4747142857142856,0.4892424242424242,0.010909090909090908,4.52,-91.0,1.0,0.0,0.0,TQ-Cheb(wE=0.3),chebyshev,0.3,1
11.54,4.252272727272728,4.01,7.74,95.86,3.5,1.62,0.4756666666666667,0.3084848484848485,0.04045454545454545,4.14,-91.0,1.0,0.0,0.0,TQ-Cheb(wE=0.5),chebyshev,0.5,1
11.92,6.90318181818182,6.94,11.54,95.94,0.86,0.42,0.19333333333333333,0.07393939393939393,0.20181818181818179,4.06,-91.0,1.0,0.0,0.0,TQ-Cheb(wE=0.7),chebyshev,0.7,1
12.0,7.015,7.08,11.64,95.42,0.74,0.36,0.19333333333333333,0.06166666666666666,0.21,4.58,-91.0,1.0,0.0,0.0,TQ-Cheb(wE=0.9),chebyshev,0.9,1
10.98,2.637818181818182,2.33,5.2,96.6,7.6,3.14,0.4212777777777778,0.6927272727272726,0.0,3.4,-91.0,1.0,0.0,0.0,TQ-Cheb(wE=0.1),chebyshev,0.1,2
11.0,3.6472727272727274,3.44,7.02,92.72,4.34,1.78,0.41566666666666663,0.3945454545454546,0.014545454545454545,7.28,-91.0,1.0,0.0,0.0,TQ-Cheb(wE=0.3),chebyshev,0.3,2
11.7,5.951060606060606,5.86,10.52,93.22,1.8,0.72,0.38666666666666666,0.1568181818181818,0.1315151515151515,6.78,-91.0,1.0,0.0,0.0,TQ-Cheb(wE=0.5),chebyshev,0.5,2
12.56,7.368997668997668,7.36,12.24,96.44,0.5,0.2,0.06666666666666667,0.04257575757575758,0.25961538461538464,3.56,-91.0,1.0,0.0,0.0,TQ-Cheb(wE=0.7),chebyshev,0.7,2
12.0,7.06,7.04,11.64,93.94,0.5,0.2,0.06666666666666667,0.04166666666666666,0.225,6.06,-91.0,1.0,0.0,0.0,TQ-Cheb(wE=0.9),chebyshev,0.9,2
10.94,2.1683636363636367,1.93,4.28,97.74,8.26,3.86,0.47410317460317464,0.7563636363636366,0.0,2.26,-91.0,1.0,0.0,0.0,TQ-Cheb(wE=0.1),chebyshev,0.1,3
11.0,2.8927272727272726,2.8,5.54,93.66,5.76,2.68,0.46811904761904755,0.5236363636363636,0.007272727272727273,6.34,-91.0,1.0,0.0,0.0,TQ-Cheb(wE=0.3),chebyshev,0.3,3
11.1,3.1459090909090914,3.04,5.96,95.7,5.42,2.52,0.4640952380952381,0.4892424242424242,0.014545454545454545,4.3,-91.0,1.0,0.0,0.0,TQ-Cheb(wE=0.5),chebyshev,0.5,3
11.66,4.1130069930069935,3.85,7.52,96.62,4.08,1.86,0.5014047619047619,0.35849650349650347,0.04333333333333333,3.38,-91.0,1.0,0.0,0.0,TQ-Cheb(wE=0.7),chebyshev,0.7,3
11.78,4.680885780885781,4.45,8.54,96.02,3.26,1.6,0.4940714285714286,0.28516317016317017,0.06333333333333332,3.98,-91.0,1.0,0.0,0.0,TQ-Cheb(wE=0.9),chebyshev,0.9,3
11.0,2.367272727272727,2.26,4.48,96.44,6.98,3.26,0.477515873015873,0.6345454545454545,0.0,3.56,-91.0,1.0,0.0,0.0,TQ-Cheb(wE=0.1),chebyshev,0.1,4
11.0,3.1363636363636362,2.82,6.28,94.42,5.16,2.4,0.48145238095238085,0.469090909090909,0.0036363636363636364,5.58,-91.0,1.0,0.0,0.0,TQ-Cheb(wE=0.3),chebyshev,0.3,4
11.42,3.463787878787878,3.3,6.3,96.46,3.72,1.78,0.5675238095238095,0.3310606060606061,0.0036363636363636364,3.54,-91.0,1.0,0.0,0.0,TQ-Cheb(wE=0.5),chebyshev,0.5,4
11.42,3.69530303030303,3.38,7.04,96.46,3.6,1.7,0.5575238095238095,0.32015151515151513,0.007272727272727273,3.54,-91.0,1.0,0.0,0.0,TQ-Cheb(wE=0.7),chebyshev,0.7,4
11.42,3.7225757575757576,3.4,7.06,96.44,3.54,1.66,0.5541904761904761,0.3151515151515151,0.007272727272727273,3.56,-91.0,1.0,0.0,0.0,TQ-Cheb(wE=0.9),chebyshev,0.9,4
10.9,2.271272727272727,2.03,4.36,97.68,8.16,3.72,0.4678095238095238,0.750909090909091,0.0,2.32,-91.0,1.0,0.0,0.0,TQ-Cheb(wE=0.1),chebyshev,0.1,5
11.22,2.9516666666666667,2.73,5.74,95.1,4.88,2.28,0.4871904761904762,0.43681818181818177,0.0036363636363636364,4.9,-91.0,1.0,0.0,0.0,TQ-Cheb(wE=0.3),chebyshev,0.3,5
11.4,3.8389393939393943,3.64,7.08,94.96,3.96,1.82,0.4318571428571429,0.35333333333333333,0.045,5.04,-91.0,1.0,0.0,0.0,TQ-Cheb(wE=0.5),chebyshev,0.5,5
11.54,4.656515151515151,4.41,8.74,94.54,2.48,1.22,0.43666666666666665,0.21803030303030302,0.08,5.46,-91.0,1.0,0.0,0.0,TQ-Cheb(wE=0.7),chebyshev,0.7,5
12.08,4.671072261072261,4.43,8.74,97.04,2.9,1.42,0.4196666666666667,0.24226107226107224,0.08692307692307694,2.96,-91.0,1.0,0.0,0.0,TQ-Cheb(wE=0.9),chebyshev,0.9,5
10.86,2.521090909090909,2.22,4.96,97.76,8.18,3.64,0.4434285714285714,0.7563636363636362,0.0,2.24,-91.0,1.0,0.0,0.0,TQ-Cheb(wE=0.1),chebyshev,0.1,6
11.06,2.8863636363636362,2.67,5.64,96.5,6.24,2.8,0.4589047619047619,0.5659090909090909,0.0036363636363636364,3.5,-91.0,1.0,0.0,0.0,TQ-Cheb(wE=0.3),chebyshev,0.3,6
11.7,5.169090909090909,5.04,9.42,95.74,2.68,1.22,0.4890714285714286,0.23454545454545456,0.09363636363636361,4.26,-91.0,1.0,0.0,0.0,TQ-Cheb(wE=0.5),chebyshev,0.5,6
11.8,5.87409090909091,5.84,9.88,94.84,1.96,0.82,0.2444047619047619,0.17030303030303032,0.15833333333333333,5.16,-91.0,1.0,0.0,0.0,TQ-Cheb(wE=0.7),chebyshev,0.7,6
11.78,5.876212121212121,5.85,9.88,94.88,1.94,0.82,0.2454047619047619,0.16939393939393937,0.15833333333333333,5.12,-91.0,1.0,0.0,0.0,TQ-Cheb(wE=0.9),chebyshev,0.9,6
10.98,2.3994545454545455,2.23,4.54,97.6,8.24,3.54,0.4331111111111111,0.750909090909091,0.0,2.4,-91.0,1.0,0.0,0.0,TQ-Cheb(wE=0.1),chebyshev,0.1,7
11.02,2.6201515151515156,2.5,4.86,95.06,6.56,2.72,0.4364047619047619,0.5956060606060606,0.0,4.94,-91.0,1.0,0.0,0.0,TQ-Cheb(wE=0.3),chebyshev,0.3,7
11.28,3.623181818181818,3.54,6.66,95.12,4.14,1.6,0.42033333333333334,0.3689393939393939,0.014545454545454545,4.88,-91.0,1.0,0.0,0.0,TQ-Cheb(wE=0.5),chebyshev,0.5,7
11.88,3.936515151515152,3.88,7.14,97.16,3.78,1.5,0.4186666666666666,0.3186363636363636,0.02590909090909091,2.84,-91.0,1.0,0.0,0.0,TQ-Cheb(wE=0.7),chebyshev,0.7,7
11.94,4.74,4.61,8.46,95.16,3.04,1.22,0.37666666666666665,0.25515151515151513,0.07090909090909092,4.84,-91.0,1.0,0.0,0.0,TQ-Cheb(wE=0.9),chebyshev,0.9,7
10.84,2.4412727272727275,2.15,4.76,97.98,8.32,3.72,0.45435714285714285,0.7709090909090911,0.0,2.02,-91.0,1.0,0.0,0.0,TQ-Cheb(wE=0.1),chebyshev,0.1,8
10.98,3.092727272727273,2.84,6.1,94.98,6.76,2.96,0.44517460317460317,0.6163636363636364,0.007272727272727273,5.02,-91.0,1.0,0.0,0.0,TQ-Cheb(wE=0.3),chebyshev,0.3,8
11.76,4.830757575757576,4.7,8.86,95.88,3.3,1.56,0.455,0.28484848484848485,0.07833333333333332,4.12,-91.0,1.0,0.0,0.0,TQ-Cheb(wE=0.5),chebyshev,0.5,8
11.78,6.025151515151516,5.96,10.32,94.08,1.86,0.96,0.32199999999999995,0.16409090909090907,0.15666666666666665,5.92,-91.0,1.0,0.0,0.0,TQ-Cheb(wE=0.7),chebyshev,0.7,8
11.92,6.2598484848484865,6.22,10.62,94.76,1.56,0.84,0.33333333333333326,0.1336363636363636,0.16166666666666665,5.24,-91.0,1.0,0.0,0.0,TQ-Cheb(wE=0.9),chebyshev,0.9,8
10.86,2.4683636363636365,2.0,5.18,97.2,7.96,3.7,0.4724047619047619,0.7363636363636364,0.0,2.8,-91.0,1.0,0.0,0.0,TQ-Cheb(wE=0.1),chebyshev,0.1,9
10.94,2.7560000000000002,2.49,5.48,95.34,6.64,3.08,0.4673253968253968,0.6090909090909091,0.0,4.66,-91.0,1.0,0.0,0.0,TQ-Cheb(wE=0.3),chebyshev,0.3,9
11.68,4.031969696969697,3.85,7.48,96.46,3.5,1.58,0.48833333333333334,0.30257575757575755,0.026666666666666665,3.54,-91.0,1.0,0.0,0.0,TQ-Cheb(wE=0.5),chebyshev,0.5,9
11.82,4.435151515151515,4.24,8.16,96.42,3.18,1.46,0.45866666666666667,0.27106060606060606,0.04833333333333333,3.58,-91.0,1.0,0.0,0.0,TQ-Cheb(wE=0.7),chebyshev,0.7,9
11.94,5.649242424242425,5.61,10.08,94.12,1.6,0.68,0.504,0.13530303030303029,0.10499999999999998,5.88,-91.0,1.0,0.0,0.0,TQ-Cheb(wE=0.9),chebyshev,0.9,9
11.08,2.99,2.62,5.92,96.42,7.1,3.14,0.4401587301587302,0.643030303030303,0.0036363636363636364,3.58,-91.0,1.0,0.0,0.0,TQ-WSum(wE=0.1),weighted_sum,0.1,0
11.0,3.0399999999999996,2.7,5.92,94.88,5.88,2.68,0.4560079365079365,0.5345454545454544,0.0036363636363636364,5.12,-91.0,1.0,0.0,0.0,TQ-WSum(wE=0.3),weighted_sum,0.3,0
11.04,3.265757575757575,2.94,6.46,94.2,5.3,2.48,0.465595238095238,0.48060606060606065,0.008333333333333333,5.8,-91.0,1.0,0.0,0.0,TQ-WSum(wE=0.5),weighted_sum,0.5,0
11.34,3.925,3.72,7.4,94.66,4.56,2.08,0.44390476190476186,0.4077272727272727,0.03333333333333333,5.34,-91.0,1.0,0.0,0.0,TQ-WSum(wE=0.7),weighted_sum,0.7,0
11.38,4.5636363636363635,4.47,8.18,93.98,3.76,1.68,0.4065714285714286,0.3346969696969697,0.07833333333333332,6.02,-91.0,1.0,0.0,0.0,TQ-WSum(wE=0.9),weighted_sum,0.9,0
10.7,2.572909090909091,2.25,4.98,97.74,8.44,3.56,0.41462698412698407,0.7945454545454547,0.002,2.26,-91.0,1.0,0.0,0.0,TQ-WSum(wE=0.1),weighted_sum,0.1,1
11.02,3.143909090909091,2.93,5.86,95.56,6.2,2.68,0.43284126984126986,0.5654545454545454,0.010909090909090908,4.44,-91.0,1.0,0.0,0.0,TQ-WSum(wE=0.3),weighted_sum,0.3,1
11.4,3.4428787878787874,3.22,6.46,94.88,4.04,1.92,0.472,0.3557575757575758,0.01863636363636364,5.12,-91.0,1.0,0.0,0.0,TQ-WSum(wE=0.5),weighted_sum,0.5,1
11.4,4.105151515151515,3.88,7.9,97.14,2.6,1.3,0.5616666666666666,0.22969696969696973,0.02590909090909091,2.86,-91.0,1.0,0.0,0.0,TQ-WSum(wE=0.7),weighted_sum,0.7,1
11.48,4.684545454545455,4.64,8.62,97.12,2.18,1.14,0.5333333333333333,0.1922727272727273,0.06,2.88,-91.0,1.0,0.0,0.0,TQ-WSum(wE=0.9),weighted_sum,0.9,1
11.0,2.6636363636363636,2.46,5.08,96.84,7.2,2.9,0.41404761904761905,0.6545454545454545,0.0,3.16,-91.0,1.0,0.0,0.0,TQ-WSum(wE=0.1),weighted_sum,0.1,2
11.0,3.0152424242424245,2.83,5.74,95.26,6.02,2.44,0.41109523809523807,0.5484848484848485,0.0,4.74,-91.0,1.0,0.0,0.0,TQ-WSum(wE=0.3),weighted_sum,0.3,2
11.48,3.662272727272727,3.62,6.92,96.16,4.06,1.72,0.435,0.35590909090909084,0.011666666666666665,3.84,-91.0,1.0,0.0,0.0,TQ-WSum(wE=0.5),weighted_sum,0.5,2
11.94,4.897645687645688,4.93,8.46,96.74,2.88,1.14,0.32199999999999995,0.24878787878787878,0.10653846153846153,3.26,-91.0,1.0,0.0,0.0,TQ-WSum(wE=0.7),weighted_sum,0.7,2
12.0,4.876666666666666,4.66,8.86,95.02,2.62,1.1,0.42099999999999993,0.21833333333333332,0.085,4.98,-91.0,1.0,0.0,0.0,TQ-WSum(wE=0.9),weighted_sum,0.9,2
10.96,2.339272727272727,2.12,4.52,96.94,7.98,3.64,0.4567063492063491,0.729090909090909,0.0036363636363636364,3.06,-91.0,1.0,0.0,0.0,TQ-WSum(wE=0.1),weighted_sum,0.1,3
11.0,2.9054545454545457,2.68,5.56,93.76,5.96,2.74,0.45747619047619054,0.5418181818181818,0.007272727272727273,6.24,-91.0,1.0,0.0,0.0,TQ-WSum(wE=0.3),weighted_sum,0.3,3
11.44,3.4336363636363636,3.14,6.58,95.38,4.72,2.2,0.47852380952380946,0.4175757575757576,0.007272727272727273,4.62,-91.0,1.0,0.0,0.0,TQ-WSum(wE=0.5),weighted_sum,0.5,3
11.7,4.264848484848485,4.19,7.44,95.74,3.38,1.52,0.4666666666666666,0.29303030303030303,0.05166666666666666,4.26,-91.0,1.0,0.0,0.0,TQ-WSum(wE=0.7),weighted_sum,0.7,3
11.84,4.907424242424242,4.81,8.66,95.94,2.5,1.26,0.45666666666666667,0.21318181818181817,0.08166666666666667,4.06,-91.0,1.0,0.0,0.0,TQ-WSum(wE=0.9),weighted_sum,0.9,3
11.0,2.8127272727272725,2.56,5.54,96.06,7.36,3.32,0.4479365079365079,0.6690909090909091,0.0,3.94,-91.0,1.0,0.0,0.0,TQ-WSum(wE=0.1),weighted_sum,0.1,4
11.18,3.0728787878787873,2.88,5.7,94.26,4.6,2.3,0.509095238095238,0.41378787878787876,0.01,5.74,-91.0,1.0,0.0,0.0,TQ-WSum(wE=0.3),weighted_sum,0.3,4
11.76,3.982424242424243,3.99,6.94,97.9,2.98,1.46,0.5263333333333333,0.255,0.03166666666666666,2.1,-91.0,1.0,0.0,0.0,TQ-WSum(wE=0.5),weighted_sum,0.5,4
11.84,4.141363636363637,4.17,7.06,97.12,2.68,1.38,0.52,0.22757575757575757,0.04166666666666666,2.88,-91.0,1.0,0.0,0.0,TQ-WSum(wE=0.7),weighted_sum,0.7,4
12.0,5.626666666666668,5.68,9.36,95.94,1.7,0.8,0.3533333333333333,0.14166666666666666,0.12666666666666665,4.06,-91.0,1.0,0.0,0.0,TQ-WSum(wE=0.9),weighted_sum,0.9,4
10.96,2.522545454545454,2.34,4.74,97.6,7.74,3.54,0.46654761904761904,0.7072727272727274,0.0,2.4,-91.0,1.0,0.0,0.0,TQ-WSum(wE=0.1),weighted_sum,0.1,5
11.0,2.8072727272727267,2.54,5.56,94.68,6.74,3.18,0.48180158730158723,0.6127272727272727,0.0,5.32,-91.0,1.0,0.0,0.0,TQ-WSum(wE=0.3),weighted_sum,0.3,5
11.36,3.3848484848484848,3.21,6.64,96.28,4.74,2.34,0.511,0.42,0.007272727272727273,3.72,-91.0,1.0,0.0,0.0,TQ-WSum(wE=0.5),weighted_sum,0.5,5
11.94,5.678484848484849,5.55,10.1,94.92,2.08,1.12,0.467,0.17575757575757578,0.09833333333333333,5.08,-91.0,1.0,0.0,0.0,TQ-WSum(wE=0.7),weighted_sum,0.7,5
11.94,5.785151515151515,5.69,10.18,94.4,1.94,1.04,0.4653333333333333,0.1640909090909091,0.09833333333333333,5.6,-91.0,1.0,0.0,0.0,TQ-WSum(wE=0.9),weighted_sum,0.9,5
11.0,2.752727272727273,2.44,5.58,95.14,6.9,3.16,0.4588650793650794,0.6272727272727272,0.0036363636363636364,4.86,-91.0,1.0,0.0,0.0,TQ-WSum(wE=0.1),weighted_sum,0.1,6
11.24,3.237272727272727,2.94,6.38,95.64,5.14,2.34,0.4693333333333333,0.4598484848484848,0.0036363636363636364,4.36,-91.0,1.0,0.0,0.0,TQ-WSum(wE=0.3),weighted_sum,0.3,6
11.66,3.785909090909091,3.48,7.26,96.92,4.12,1.82,0.4773333333333333,0.3577272727272727,0.021666666666666664,3.08,-91.0,1.0,0.0,0.0,TQ-WSum(wE=0.5),weighted_sum,0.5,6
12.0,5.033333333333333,4.97,8.68,96.34,2.6,1.08,0.3666666666666667,0.21666666666666665,0.105,3.66,-91.0,1.0,0.0,0.0,TQ-WSum(wE=0.7),weighted_sum,0.7,6
12.0,7.083333333333332,7.15,11.5,93.6,0.2,0.1,0.1,0.016666666666666666,0.225,6.4,-91.0,1.0,0.0,0.0,TQ-WSum(wE=0.9),weighted_sum,0.9,6
11.12,2.8729999999999993,2.67,5.46,96.84,6.84,2.82,0.41421428571428565,0.6193939393939393,0.0,3.16,-91.0,1.0,0.0,0.0,TQ-WSum(wE=0.1),weighted_sum,0.1,7
11.0,2.7836363636363637,2.6,5.34,95.96,6.82,2.78,0.4109761904761905,0.62,0.0,4.04,-91.0,1.0,0.0,0.0,TQ-WSum(wE=0.3),weighted_sum,0.3,7
11.0,3.14,2.84,6.0,95.06,6.26,2.56,0.40896031746031747,0.5690909090909091,0.007272727272727273,4.94,-91.0,1.0,0.0,0.0,TQ-WSum(wE=0.5),weighted_sum,0.5,7
11.48,3.963636363636364,3.63,7.86,96.5,5.2,2.04,0.39688888888888896,0.4584848484848485,0.020151515151515153,3.5,-91.0,1.0,0.0,0.0,TQ-WSum(wE=0.7),weighted_sum,0.7,7
11.76,5.3966666666666665,5.3,9.6,95.18,3.22,1.22,0.3475555555555555,0.2806060606060605,0.10833333333333332,4.82,-91.0,1.0,0.0,0.0,TQ-WSum(wE=0.9),weighted_sum,0.9,7
10.92,2.777636363636363,2.42,5.64,95.68,7.68,3.42,0.44245238095238093,0.7054545454545453,0.007272727272727273,4.32,-91.0,1.0,0.0,0.0,TQ-WSum(wE=0.1),weighted_sum,0.1,8
11.02,2.9048484848484843,2.59,5.62,94.78,6.44,2.92,0.4471666666666666,0.5857575757575757,0.010909090909090908,5.22,-91.0,1.0,0.0,0.0,TQ-WSum(wE=0.3),weighted_sum,0.3,8
11.5,3.6348484848484848,3.41,6.78,96.06,4.78,2.2,0.45485714285714285,0.42030303030303023,0.03666666666666667,3.94,-91.0,1.0,0.0,0.0,TQ-WSum(wE=0.5),weighted_sum,0.5,8
11.9,4.507424242424243,4.28,8.32,95.66,3.0,1.36,0.479,0.2540909090909091,0.035,4.34,-91.0,1.0,0.0,0.0,TQ-WSum(wE=0.7),weighted_sum,0.7,8
11.92,4.877878787878788,4.51,9.28,95.58,2.7,1.24,0.46233333333333326,0.2286363636363636,0.04833333333333333,4.42,-91.0,1.0,0.0,0.0,TQ-WSum(wE=0.9),weighted_sum,0.9,8
10.4,2.330909090909091,1.94,4.84,98.44,9.0,4.22,0.46907142857142864,0.8727272727272727,0.0018181818181818182,1.56,-91.0,1.0,0.0,0.0,TQ-WSum(wE=0.1),weighted_sum,0.1,9
10.94,2.638181818181818,2.28,5.3,95.56,7.36,3.38,0.45270634920634917,0.6745454545454546,0.007272727272727273,4.44,-91.0,1.0,0.0,0.0,TQ-WSum(wE=0.3),weighted_sum,0.3,9
11.86,3.7751515151515154,3.53,7.2,97.4,3.86,1.78,0.4696666666666666,0.32666666666666666,0.03,2.6,-91.0,1.0,0.0,0.0,TQ-WSum(wE=0.5),weighted_sum,0.5,9
12.0,5.515,5.34,10.08,95.08,2.12,0.92,0.4716666666666666,0.17666666666666667,0.10999999999999999,4.92,-91.0,1.0,0.0,0.0,TQ-WSum(wE=0.7),weighted_sum,0.7,9
12.0,5.801666666666666,5.68,10.4,94.56,1.88,0.8,0.4436666666666666,0.15666666666666665,0.13,5.44,-91.0,1.0,0.0,0.0,TQ-WSum(wE=0.9),weighted_sum,0.9,9
13.0,7.923076923076922,8.0,13.0,96.0,0.0,0.0,0.0,0.0,0.3076923076923077,4.0,-91.0,1.0,0.0,0.0,always_sleep,baseline,,0
13.0,7.923076923076922,8.0,13.0,96.0,0.0,0.0,0.0,0.0,0.3076923076923077,4.0,-91.0,1.0,0.0,0.0,always_sleep,baseline,,1
13.0,7.923076923076922,8.0,13.0,96.0,0.0,0.0,0.0,0.0,0.3076923076923077,4.0,-91.0,1.0,0.0,0.0,always_sleep,baseline,,2
13.0,7.923076923076922,8.0,13.0,96.0,0.0,0.0,0.0,0.0,0.3076923076923077,4.0,-91.0,1.0,0.0,0.0,always_sleep,baseline,,3
13.0,7.923076923076922,8.0,13.0,96.0,0.0,0.0,0.0,0.0,0.3076923076923077,4.0,-91.0,1.0,0.0,0.0,always_sleep,baseline,,4
13.0,7.923076923076922,8.0,13.0,96.0,0.0,0.0,0.0,0.0,0.3076923076923077,4.0,-91.0,1.0,0.0,0.0,always_sleep,baseline,,5
13.0,7.923076923076922,8.0,13.0,96.0,0.0,0.0,0.0,0.0,0.3076923076923077,4.0,-91.0,1.0,0.0,0.0,always_sleep,baseline,,6
13.0,7.923076923076922,8.0,13.0,96.0,0.0,0.0,0.0,0.0,0.3076923076923077,4.0,-91.0,1.0,0.0,0.0,always_sleep,baseline,,7
13.0,7.923076923076922,8.0,13.0,96.0,0.0,0.0,0.0,0.0,0.3076923076923077,4.0,-91.0,1.0,0.0,0.0,always_sleep,baseline,,8
13.0,7.923076923076922,8.0,13.0,96.0,0.0,0.0,0.0,0.0,0.3076923076923077,4.0,-91.0,1.0,0.0,0.0,always_sleep,baseline,,9
12.0,7.416666666666668,7.5,12.0,99.0,0.0,0.0,0.0,0.0,0.25,1.0,-91.0,1.0,0.0,0.0,always_wait,baseline,,0
12.0,7.416666666666668,7.5,12.0,99.0,0.0,0.0,0.0,0.0,0.25,1.0,-91.0,1.0,0.0,0.0,always_wait,baseline,,1
12.0,7.416666666666668,7.5,12.0,99.0,0.0,0.0,0.0,0.0,0.25,1.0,-91.0,1.0,0.0,0.0,always_wait,baseline,,2
12.0,7.416666666666668,7.5,12.0,99.0,0.0,0.0,0.0,0.0,0.25,1.0,-91.0,1.0,0.0,0.0,always_wait,baseline,,3
12.0,7.416666666666668,7.5,12.0,99.0,0.0,0.0,0.0,0.0,0.25,1.0,-91.0,1.0,0.0,0.0,always_wait,baseline,,4
12.0,7.416666666666668,7.5,12.0,99.0,0.0,0.0,0.0,0.0,0.25,1.0,-91.0,1.0,0.0,0.0,always_wait,baseline,,5
12.0,7.416666666666668,7.5,12.0,99.0,0.0,0.0,0.0,0.0,0.25,1.0,-91.0,1.0,0.0,0.0,always_wait,baseline,,6
12.0,7.416666666666668,7.5,12.0,99.0,0.0,0.0,0.0,0.0,0.25,1.0,-91.0,1.0,0.0,0.0,always_wait,baseline,,7
12.0,7.416666666666668,7.5,12.0,99.0,0.0,0.0,0.0,0.0,0.25,1.0,-91.0,1.0,0.0,0.0,always_wait,baseline,,8
12.0,7.416666666666668,7.5,12.0,99.0,0.0,0.0,0.0,0.0,0.25,1.0,-91.0,1.0,0.0,0.0,always_wait,baseline,,9
10.0,2.1919999999999997,1.92,4.36,100.0,10.0,4.22,0.42199999999999993,1.0,0.0,0.0,-91.0,1.0,0.0,0.0,always_transmit,baseline,,0
10.0,2.226,1.87,4.5,100.0,10.0,4.38,0.43799999999999994,1.0,0.002,0.0,-91.0,1.0,0.0,0.0,always_transmit,baseline,,1
10.0,2.1159999999999997,1.84,4.28,100.0,10.0,4.32,0.43200000000000005,1.0,0.0,0.0,-91.0,1.0,0.0,0.0,always_transmit,baseline,,2
10.0,2.032,1.75,4.06,100.0,10.0,4.52,0.45199999999999996,1.0,0.0,0.0,-91.0,1.0,0.0,0.0,always_transmit,baseline,,3
10.0,2.0239999999999996,1.71,4.08,100.0,10.0,4.66,0.466,1.0,0.0,0.0,-91.0,1.0,0.0,0.0,always_transmit,baseline,,4
10.0,2.12,1.81,4.26,100.0,10.0,4.44,0.444,1.0,0.0,0.0,-91.0,1.0,0.0,0.0,always_transmit,baseline,,5
10.0,2.106,1.8,4.28,100.0,10.0,4.44,0.444,1.0,0.0,0.0,-91.0,1.0,0.0,0.0,always_transmit,baseline,,6
10.0,2.112,1.82,4.16,100.0,10.0,4.3,0.43000000000000005,1.0,0.0,0.0,-91.0,1.0,0.0,0.0,always_transmit,baseline,,7
10.0,2.13,1.85,4.16,100.0,10.0,4.38,0.43799999999999994,1.0,0.0,0.0,-91.0,1.0,0.0,0.0,always_transmit,baseline,,8
10.0,1.9979999999999998,1.66,4.1,100.0,10.0,4.76,0.47600000000000003,1.0,0.0,0.0,-91.0,1.0,0.0,0.0,always_transmit,baseline,,9
11.62,4.263333333333334,4.0,7.92,96.06,3.56,1.68,0.45150000000000007,0.31136363636363634,0.045,3.94,-91.0,1.0,0.0,0.0,random,baseline,,0
11.5,4.15590909090909,4.04,7.64,96.88,3.58,1.74,0.503,0.3153030303030303,0.03348484848484848,3.12,-91.0,1.0,0.0,0.0,random,baseline,,1
11.56,4.4445454545454535,4.28,8.14,96.1,3.56,1.46,0.41899999999999993,0.3118181818181818,0.05121212121212121,3.9,-91.0,1.0,0.0,0.0,random,baseline,,2
11.56,4.0636363636363635,3.86,7.42,96.14,3.54,1.7,0.4685714285714285,0.3103030303030303,0.03363636363636364,3.86,-91.0,1.0,0.0,0.0,random,baseline,,3
11.42,4.034696969696969,3.82,7.48,95.98,3.8,1.82,0.48933333333333323,0.3374242424242425,0.03424242424242424,4.02,-91.0,1.0,0.0,0.0,random,baseline,,4
11.54,4.197121212121212,3.97,7.8,96.74,3.44,1.72,0.4753333333333332,0.30196969696969694,0.040151515151515146,3.26,-91.0,1.0,0.0,0.0,random,baseline,,5
11.54,4.509545454545455,4.32,8.28,96.02,3.68,1.6,0.4241428571428571,0.32363636363636367,0.06075757575757576,3.98,-91.0,1.0,0.0,0.0,random,baseline,,6
11.72,4.638636363636363,4.4,8.52,96.54,3.18,1.3,0.4496666666666666,0.27515151515151515,0.050606060606060606,3.46,-91.0,1.0,0.0,0.0,random,baseline,,7
11.5,4.250909090909091,4.11,7.78,96.7,3.56,1.58,0.4762380952380952,0.31318181818181823,0.04166666666666666,3.3,-91.0,1.0,0.0,0.0,random,baseline,,8
11.42,4.1071212121212115,3.93,7.42,96.14,4.3,1.86,0.4225952380952381,0.3818181818181819,0.04727272727272727,3.86,-91.0,1.0,0.0,0.0,random,baseline,,9
11.0,5.534545454545454,5.74,8.9,91.0,1.0,0.42,0.42,0.09090909090909091,0.10545454545454547,9.0,-91.0,1.0,0.0,0.0,periodic_tx_5,baseline,,0
11.0,4.879999999999999,5.14,7.9,91.0,1.0,0.62,0.62,0.09090909090909091,0.06909090909090909,9.0,-91.0,1.0,0.0,0.0,periodic_tx_5,baseline,,1
11.0,5.665454545454546,5.86,9.1,91.0,1.0,0.38,0.38,0.09090909090909091,0.11272727272727273,9.0,-91.0,1.0,0.0,0.0,periodic_tx_5,baseline,,2
11.0,5.076363636363635,5.32,8.2,91.0,1.0,0.56,0.56,0.09090909090909091,0.08,9.0,-91.0,1.0,0.0,0.0,periodic_tx_5,baseline,,3
11.0,5.010909090909091,5.26,8.1,91.0,1.0,0.58,0.58,0.09090909090909091,0.07636363636363636,9.0,-91.0,1.0,0.0,0.0,periodic_tx_5,baseline,,4
11.0,5.207272727272726,5.44,8.4,91.0,1.0,0.52,0.52,0.09090909090909091,0.08727272727272727,9.0,-91.0,1.0,0.0,0.0,periodic_tx_5,baseline,,5
11.0,5.469090909090909,5.68,8.8,91.0,1.0,0.44,0.44,0.09090909090909091,0.10181818181818182,9.0,-91.0,1.0,0.0,0.0,periodic_tx_5,baseline,,6
11.0,5.6,5.8,9.0,91.0,1.0,0.4,0.4,0.09090909090909091,0.1090909090909091,9.0,-91.0,1.0,0.0,0.0,periodic_tx_5,baseline,,7
11.0,5.207272727272727,5.44,8.4,91.0,1.0,0.52,0.52,0.09090909090909091,0.08727272727272727,9.0,-91.0,1.0,0.0,0.0,periodic_tx_5,baseline,,8
11.0,5.6,5.8,9.0,91.0,1.0,0.4,0.4,0.09090909090909091,0.1090909090909091,9.0,-91.0,1.0,0.0,0.0,periodic_tx_5,baseline,,9
11.98,3.609848484848485,3.6,6.48,95.24,3.06,1.44,0.52,0.25590909090909086,0.0036363636363636364,4.76,-91.0,1.0,0.0,0.0,aoi_thresh_5,baseline,,0
11.94,3.6995454545454542,3.65,6.48,95.84,3.04,1.44,0.5636666666666666,0.25606060606060604,0.010909090909090908,4.16,-91.0,1.0,0.0,0.0,aoi_thresh_5,baseline,,1
11.96,3.787272727272727,3.72,6.74,95.8,3.18,1.28,0.4626666666666667,0.2668181818181818,0.0,4.2,-91.0,1.0,0.0,0.0,aoi_thresh_5,baseline,,2
11.96,3.648484848484849,3.58,6.48,95.84,3.04,1.44,0.5459999999999999,0.25515151515151513,0.0036363636363636364,4.16,-91.0,1.0,0.0,0.0,aoi_thresh_5,baseline,,3
11.96,3.6118181818181823,3.59,6.36,95.68,2.96,1.46,0.5573333333333333,0.2484848484848485,0.0036363636363636364,4.32,-91.0,1.0,0.0,0.0,aoi_thresh_5,baseline,,4
11.96,3.571818181818182,3.54,6.38,95.6,3.0,1.5,0.563,0.2518181818181818,0.0036363636363636364,4.4,-91.0,1.0,0.0,0.0,aoi_thresh_5,baseline,,5
11.96,3.69060606060606,3.65,6.62,96.4,3.08,1.36,0.522,0.25848484848484843,0.0,3.6,-91.0,1.0,0.0,0.0,aoi_thresh_5,baseline,,6
11.92,3.7869696969696975,3.76,6.68,95.68,3.2,1.34,0.4946666666666667,0.2703030303030303,0.007272727272727273,4.32,-91.0,1.0,0.0,0.0,aoi_thresh_5,baseline,,7
11.88,3.812121212121212,3.79,6.68,95.68,3.2,1.38,0.519,0.2721212121212121,0.010909090909090908,4.32,-91.0,1.0,0.0,0.0,aoi_thresh_5,baseline,,8
11.96,3.643030303030303,3.62,6.52,95.72,3.06,1.44,0.5463333333333333,0.2568181818181818,0.007272727272727273,4.28,-91.0,1.0,0.0,0.0,aoi_thresh_5,baseline,,9
12.0,3.9416666666666664,3.91,7.2,98.6,2.5,1.14,0.51,0.2083333333333333,0.005,1.4,-91.0,1.0,0.0,0.0,energy_aware,baseline,,0
12.0,3.981666666666667,3.9,7.22,99.44,2.44,1.22,0.5803333333333334,0.20333333333333328,0.015,0.56,-91.0,1.0,0.0,0.0,energy_aware,baseline,,1
12.0,4.0,3.92,7.28,98.36,2.7,1.14,0.496,0.22499999999999998,0.01,1.64,-91.0,1.0,0.0,0.0,energy_aware,baseline,,2
12.0,3.9533333333333336,3.86,7.2,99.04,2.48,1.2,0.5559999999999999,0.20666666666666664,0.01,0.96,-91.0,1.0,0.0,0.0,energy_aware,baseline,,3
12.0,3.938333333333333,3.89,7.14,99.24,2.34,1.2,0.5706666666666667,0.19499999999999995,0.01,0.76,-91.0,1.0,0.0,0.0,energy_aware,baseline,,4
12.0,3.953333333333333,3.9,7.16,98.8,2.44,1.18,0.5463333333333333,0.2033333333333333,0.01,1.2,-91.0,1.0,0.0,0.0,energy_aware,baseline,,5
12.0,3.878333333333333,3.83,7.04,98.12,2.74,1.24,0.5386666666666666,0.22833333333333333,0.01,1.88,-91.0,1.0,0.0,0.0,energy_aware,baseline,,6
12.0,4.101666666666667,4.06,7.36,98.6,2.66,1.12,0.5046666666666667,0.22166666666666665,0.02,1.4,-91.0,1.0,0.0,0.0,energy_aware,baseline,,7
12.0,4.225,4.19,7.52,99.16,2.54,1.1,0.5256666666666667,0.21166666666666664,0.03,0.84,-91.0,1.0,0.0,0.0,energy_aware,baseline,,8
12.0,3.913333333333333,3.88,7.06,98.36,2.62,1.2,0.5329999999999999,0.2183333333333333,0.01,1.64,-91.0,1.0,0.0,0.0,energy_aware,baseline,,9
13.0,7.923076923076922,8.0,13.0,96.0,0.0,0.0,0.0,0.0,0.3076923076923077,4.0,-91.0,1.0,0.0,0.0,channel_aware,baseline,,0
13.0,7.923076923076922,8.0,13.0,96.0,0.0,0.0,0.0,0.0,0.3076923076923077,4.0,-91.0,1.0,0.0,0.0,channel_aware,baseline,,1
13.0,7.923076923076922,8.0,13.0,96.0,0.0,0.0,0.0,0.0,0.3076923076923077,4.0,-91.0,1.0,0.0,0.0,channel_aware,baseline,,2
13.0,7.923076923076922,8.0,13.0,96.0,0.0,0.0,0.0,0.0,0.3076923076923077,4.0,-91.0,1.0,0.0,0.0,channel_aware,baseline,,3
13.0,7.923076923076922,8.0,13.0,96.0,0.0,0.0,0.0,0.0,0.3076923076923077,4.0,-91.0,1.0,0.0,0.0,channel_aware,baseline,,4
13.0,7.923076923076922,8.0,13.0,96.0,0.0,0.0,0.0,0.0,0.3076923076923077,4.0,-91.0,1.0,0.0,0.0,channel_aware,baseline,,5
13.0,7.923076923076922,8.0,13.0,96.0,0.0,0.0,0.0,0.0,0.3076923076923077,4.0,-91.0,1.0,0.0,0.0,channel_aware,baseline,,6
13.0,7.923076923076922,8.0,13.0,96.0,0.0,0.0,0.0,0.0,0.3076923076923077,4.0,-91.0,1.0,0.0,0.0,channel_aware,baseline,,7
13.0,7.923076923076922,8.0,13.0,96.0,0.0,0.0,0.0,0.0,0.3076923076923077,4.0,-91.0,1.0,0.0,0.0,channel_aware,baseline,,8
13.0,7.923076923076922,8.0,13.0,96.0,0.0,0.0,0.0,0.0,0.3076923076923077,4.0,-91.0,1.0,0.0,0.0,channel_aware,baseline,,9
