node_id,step,time_s,temperature,luminosity,pressure,delta_v,mean_pwr_mw,action,action_label,aoi,energy_mj
m3-10,1,4.8,30.1,0.2441,998.2454,0,116.61,1,wait,2,0.56
m3-10,2,9.79,30.0771,0.4883,998.4846,0,116.21,1,wait,3,0.58
m3-10,3,14.8,30.1479,0.2441,998.4441,0,117.2,1,wait,4,0.587
m3-10,4,19.81,30.1271,0.4883,998.2256,0,116.18,1,wait,5,0.582
m3-10,5,24.81,30.1,0.2441,998.4067,0,117.03,1,wait,6,0.585
m3-10,6,29.81,30.1542,0.4883,998.365,0,116.24,1,wait,7,0.581
m3-10,7,34.81,30.1438,0.2441,998.4316,0,117.17,1,wait,8,0.586
m3-10,8,39.82,30.1521,0.4883,998.2764,0,116.22,1,wait,9,0.582
m3-10,9,44.81,30.1438,0.2441,998.3242,0,117.16,1,wait,10,0.585
m3-10,10,49.82,30.1896,0.4883,998.5417,0,116.12,1,wait,11,0.582
m3-10,11,54.83,30.2208,0.2441,998.5019,0,117.22,1,wait,12,0.587
m3-10,12,59.84,30.2083,0.4883,998.5779,0,116.1,1,wait,13,0.582
m3-10,13,64.83,30.2229,0.2441,998.429,0,117.15,1,wait,14,0.585
m3-10,14,69.83,30.1854,0.4883,998.3533,0,116.17,1,wait,15,0.581
m3-10,15,74.84,30.1833,0.2441,998.3879,0,117.14,1,wait,16,0.587
m3-10,16,79.83,30.1938,0.4883,998.5281,0,116.29,1,wait,17,0.58
m3-10,17,84.84,30.2229,0.2441,998.3665,0,117.13,1,wait,18,0.587
m3-10,18,89.85,30.2042,0.4883,998.4512,0,116.23,1,wait,19,0.582
m3-10,19,94.84,30.2312,0.2441,998.5173,0,116.91,1,wait,20,0.583
m3-10,20,99.85,30.2188,0.4883,998.3731,0,116.27,1,wait,20,0.583
m3-10,21,104.86,30.2333,0.2441,998.4971,0,116.91,1,wait,20,0.586
m3-10,22,109.86,30.2438,0.4883,998.5696,0,116.45,1,wait,20,0.582
m3-10,23,114.86,30.2667,0.2441,998.5298,0,116.94,1,wait,20,0.585
m3-10,24,119.86,30.2688,0.4883,998.4438,0,116.45,1,wait,20,0.582
m3-10,25,124.87,30.2562,0.2441,998.4446,0,116.69,1,wait,20,0.585
m3-10,26,129.86,30.2646,0.4883,998.5601,0,116.52,1,wait,20,0.581
m3-10,27,134.87,30.3021,0.2441,998.4893,0,116.71,1,wait,20,0.585
m3-10,28,139.88,30.2771,0.4883,998.3997,0,116.6,1,wait,20,0.584
m3-10,29,144.89,30.2333,0.2441,998.3862,0,116.8,1,wait,20,0.585
m3-10,30,149.88,30.2583,0.4883,998.4836,0,116.71,1,wait,20,0.582
m3-10,31,154.88,30.3,0.2441,998.5994,0,116.71,1,wait,20,0.584
m3-10,32,159.89,30.3146,0.4883,998.4353,0,116.71,1,wait,20,0.585
m3-10,33,164.9,30.2667,0.2441,998.3992,0,116.65,1,wait,20,0.584
m3-10,34,169.89,30.2688,0.4883,998.4011,0,116.56,1,wait,20,0.582
m3-10,35,174.9,30.2979,0.2441,998.4351,0,116.79,1,wait,20,0.585
m3-10,36,179.91,30.2917,0.4883,998.6282,0,116.85,1,wait,20,0.585
m3-10,37,184.91,30.3125,0.2441,998.282,0,116.55,1,wait,20,0.583
m3-10,38,189.91,30.2667,0.4883,998.5293,0,116.63,1,wait,20,0.583
m3-10,39,194.91,30.3083,0.2441,998.4497,0,116.78,1,wait,20,0.584
m3-10,40,199.92,30.2896,0.4883,998.4358,0,116.62,1,wait,20,0.584
m3-10,41,204.93,30.2917,0.2441,998.3032,0,116.67,1,wait,20,0.585
m3-10,42,209.92,30.3104,0.4883,998.2932,0,116.8,1,wait,20,0.583
m3-10,43,214.93,30.2792,0.2441,998.4431,0,116.71,1,wait,20,0.585
m3-10,44,219.94,30.3042,0.4883,998.4602,0,116.67,1,wait,20,0.585
m3-10,45,224.94,30.325,0.2441,998.4075,0,116.52,1,wait,20,0.583
m3-10,46,229.93,30.3083,0.4883,998.4343,0,116.75,1,wait,20,0.583
m3-10,47,234.94,30.3292,0.2441,998.3596,0,116.59,1,wait,20,0.584
m3-10,48,239.95,30.3688,0.4883,998.3667,0,116.76,1,wait,20,0.585
m3-10,49,244.96,30.3271,0.2441,998.5271,0,116.54,1,wait,20,0.584
m3-10,50,249.95,30.3708,0.4883,998.3235,0,116.89,1,wait,20,0.583
m3-10,51,254.96,30.3208,0.2441,998.4358,0,116.42,1,wait,20,0.583
m3-10,52,259.96,30.3812,0.4883,998.3889,0,116.95,1,wait,20,0.585
m3-10,53,264.96,30.3521,0.2441,998.4492,0,116.29,1,wait,20,0.581
m3-10,54,269.96,30.3354,0.4883,998.4648,0,116.93,1,wait,20,0.585
m3-10,55,274.97,30.3604,0.2441,998.2798,0,116.3,1,wait,20,0.583
m3-10,56,279.98,30.3667,0.4883,998.3445,0,117.04,1,wait,20,0.586
m3-10,57,284.97,30.3271,0.2441,998.4624,0,116.28,1,wait,20,0.58
m3-10,58,289.98,30.3542,0.4883,998.4946,0,117.17,1,wait,20,0.587
m3-10,59,294.99,30.3917,0.2441,998.301,0,116.23,1,wait,20,0.582
m3-10,60,299.98,30.3438,0.4883,998.4275,0,117.19,1,wait,20,0.585
m3-10,61,304.98,30.3833,0.2441,998.5344,0,116.21,1,wait,20,0.581
m3-10,62,309.99,30.4062,0.4883,998.4932,0,117.24,1,wait,20,0.587
m3-10,63,315.0,30.375,0.2441,998.5383,0,116.14,1,wait,20,0.582
m3-10,64,319.99,30.4104,0.4883,998.4519,0,117.36,1,wait,20,0.586
m3-10,65,325.0,30.3479,0.2441,998.4778,0,116.01,1,wait,20,0.581
m3-10,66,330.01,30.3812,0.4883,998.4216,0,117.27,1,wait,20,0.588
m3-10,67,335.01,30.3688,0.2441,998.4993,0,115.96,1,wait,20,0.58
m3-10,68,340.01,30.4104,0.4883,998.4431,0,117.4,1,wait,20,0.587
m3-10,69,345.01,30.4271,0.2441,998.3901,0,116.11,1,wait,20,0.581
m3-10,70,350.02,30.3875,0.4883,998.3816,0,117.27,1,wait,20,0.588
m3-10,71,355.03,30.4021,0.2441,998.4478,0,115.86,1,wait,20,0.58
m3-10,72,360.02,30.4146,0.4883,998.3872,0,117.3,1,wait,20,0.585
m3-10,73,365.03,30.4021,0.2441,998.375,0,116.04,1,wait,20,0.581
m3-10,74,370.04,30.3917,0.4883,998.4155,0,117.44,1,wait,20,0.588
m3-10,75,375.04,30.3979,0.2441,998.3418,0,115.94,1,wait,20,0.58
m3-10,76,380.04,30.4125,0.4883,998.5518,0,117.33,1,wait,20,0.587
m3-10,77,385.04,30.4021,0.2441,998.5894,0,116.14,1,wait,20,0.581
m3-10,78,390.05,30.4396,0.4883,998.3787,0,117.38,1,wait,20,0.588
m3-10,79,395.06,30.4146,0.2441,998.4944,0,115.96,1,wait,20,0.581
m3-10,80,400.05,30.4083,0.4883,998.4827,0,117.38,1,wait,20,0.586
m3-10,81,405.06,30.4312,0.2441,998.4817,0,115.94,1,wait,20,0.581
m3-10,82,410.06,30.4167,0.4883,998.2461,0,117.49,1,wait,20,0.587
m3-10,83,415.07,30.3646,0.2441,998.344,0,115.91,1,wait,20,0.581
m3-10,84,420.06,30.4396,0.4883,998.4751,0,117.54,1,wait,20,0.587
m3-10,85,425.07,30.4292,0.2441,998.3914,0,115.79,1,wait,20,0.58
m3-10,86,430.08,30.4083,0.4883,998.5244,0,117.63,1,wait,20,0.589
m3-10,87,435.09,30.4438,0.2441,998.3723,0,115.75,1,wait,20,0.58
m3-10,88,440.08,30.4104,0.4883,998.5288,0,117.65,1,wait,20,0.587
m3-10,89,445.09,30.4688,0.2441,998.5425,0,115.71,1,wait,20,0.58
m3-10,90,450.09,30.4229,0.4883,998.4519,0,117.72,1,wait,20,0.589
m3-10,91,455.1,30.4417,0.2441,998.5688,0,115.65,1,wait,20,0.579
m3-10,92,460.09,30.4812,0.4883,998.3569,0,117.75,1,wait,20,0.588
m3-10,93,465.1,30.4312,0.2441,998.4507,0,115.59,1,wait,20,0.579
m3-10,94,470.11,30.4396,0.4883,998.3569,0,117.79,1,wait,20,0.59
m3-10,95,475.12,30.4271,0.2441,998.3682,0,115.5,1,wait,20,0.579
m3-10,96,480.11,30.4083,0.4883,998.5664,0,117.89,1,wait,20,0.588
m3-10,97,485.12,30.4354,0.2441,998.4424,0,115.49,1,wait,20,0.579
m3-10,98,490.12,30.4562,0.4883,998.5915,0,117.88,1,wait,20,0.589
m3-10,99,495.13,30.4417,0.2441,998.4622,0,115.35,1,wait,20,0.578
m3-10,100,500.12,30.4542,0.4883,998.5601,0,117.96,1,wait,20,0.589
m3-10,101,505.13,30.475,0.2441,998.3154,0,115.25,1,wait,20,0.577
m3-10,102,510.14,30.4229,0.4883,998.5107,0,118.03,1,wait,20,0.591
m3-10,103,515.14,30.4167,0.2441,998.3323,0,115.33,1,wait,20,0.577
m3-10,104,520.14,30.4312,0.4883,998.4788,0,118.1,1,wait,20,0.591
m3-10,105,525.14,30.4479,0.2441,998.4202,0,115.25,1,wait,20,0.576
m3-10,106,530.15,30.4667,0.4883,998.594,0,118.18,1,wait,20,0.592
m3-10,107,535.16,30.5,0.2441,998.6079,0,115.18,1,wait,20,0.577
m3-10,108,540.15,30.4812,0.4883,998.5632,0,118.09,1,wait,20,0.589
m3-10,109,545.16,30.4812,0.2441,998.3728,0,115.34,1,wait,20,0.578
m3-10,110,550.17,30.4688,0.4883,998.4736,0,118.31,1,wait,20,0.593
m3-10,111,555.17,30.4771,0.2441,998.3589,0,115.01,1,wait,20,0.575
m3-10,112,560.17,30.4646,0.4883,998.3564,0,118.19,1,wait,20,0.591
m3-10,113,565.17,30.4688,0.2441,998.374,0,115.3,1,wait,20,0.576
m3-10,114,570.18,30.4688,0.4883,998.6003,0,118.06,1,wait,20,0.591
m3-10,115,575.19,30.5146,0.2441,998.3867,0,115.25,1,wait,20,0.577
m3-10,116,580.2,30.475,0.4883,998.5217,0,118.41,1,wait,20,0.593
m3-10,117,585.19,30.4979,0.2441,998.4292,0,115.03,1,wait,20,0.574
m3-10,118,590.2,30.5125,0.4883,998.5203,0,118.15,1,wait,20,0.592
m3-10,119,595.2,30.5167,0.2441,998.5725,0,115.23,1,wait,20,0.576
m3-10,120,600.19,30.4417,0.4883,998.4856,0,118.13,1,wait,20,0.589
m3-10,121,605.2,30.4792,0.2441,998.5327,0,115.03,1,wait,20,0.576
m3-10,122,610.21,30.5125,0.4883,998.4219,0,118.33,1,wait,20,0.593
m3-10,123,615.22,30.4688,0.2441,998.4229,0,115.08,1,wait,20,0.577
m3-10,124,620.21,30.4812,0.4883,998.6082,0,118.44,1,wait,20,0.591
m3-10,125,625.22,30.5333,0.2441,998.4844,0,115.1,1,wait,20,0.577
m3-10,126,630.22,30.5188,0.4883,998.5156,0,118.46,1,wait,20,0.592
m3-10,127,635.23,30.5146,0.2441,998.5696,0,114.83,1,wait,20,0.575
m3-10,128,640.24,30.5083,0.4883,998.4895,0,118.44,1,wait,20,0.593
m3-10,129,645.23,30.5104,0.2441,998.415,0,114.85,1,wait,20,0.573
m3-10,130,650.24,30.5,0.4883,998.4858,0,118.59,1,wait,20,0.594
m3-10,131,655.25,30.4917,0.2441,998.637,0,114.87,1,wait,20,0.576
m3-10,132,660.25,30.5479,0.4883,998.5027,0,118.61,1,wait,20,0.593
m3-10,133,665.25,30.5417,0.2441,998.4968,0,114.8,1,wait,20,0.574
m3-10,134,670.25,30.5021,0.4883,998.573,0,118.58,1,wait,20,0.593
m3-10,135,675.26,30.5188,0.2441,998.6091,0,114.72,1,wait,20,0.575
m3-10,136,680.27,30.5438,0.4883,998.5244,0,118.66,1,wait,20,0.594
m3-10,137,685.26,30.5438,0.2441,998.6167,0,114.63,1,wait,20,0.572
m3-10,138,690.27,30.55,0.4883,998.5088,0,118.73,1,wait,20,0.595
m3-10,139,695.28,30.5292,0.2441,998.5193,0,114.62,1,wait,20,0.574
m3-10,140,700.28,30.5208,0.4883,998.7131,0,118.74,1,wait,20,0.594
m3-10,141,705.27,30.5646,0.2441,998.4968,0,114.45,1,wait,20,0.571
m3-10,142,710.28,30.5083,0.4883,998.678,0,118.82,1,wait,20,0.595
m3-10,143,715.29,30.5375,0.2441,998.5366,0,114.53,1,wait,20,0.574
m3-10,144,720.28,30.5083,0.4883,998.3835,0,118.97,1,wait,20,0.594
m3-10,145,725.29,30.5125,0.2441,998.322,0,114.41,1,wait,20,0.573
m3-10,146,730.3,30.5083,0.4883,998.5679,0,119.04,1,wait,20,0.596
m3-10,147,735.3,30.5542,0.2441,998.4194,0,114.33,1,wait,20,0.572
m3-10,148,740.3,30.5188,0.4883,998.5266,0,118.83,1,wait,20,0.594
m3-10,149,745.3,30.5438,0.2441,998.4595,0,114.65,1,wait,20,0.573
m3-10,150,750.31,30.5083,0.4883,998.5054,0,118.71,1,wait,20,0.595
m3-10,151,755.32,30.5208,0.2441,998.501,0,114.46,1,wait,20,0.573
m3-10,152,760.31,30.5083,0.4883,998.4565,0,119.03,1,wait,20,0.594
m3-10,153,765.32,30.5229,0.2441,998.5161,0,114.63,1,wait,20,0.574
m3-10,154,770.33,30.5125,0.4883,998.6448,0,118.84,1,wait,20,0.595
m3-10,155,775.33,30.575,0.2441,998.5364,0,114.37,1,wait,20,0.572
m3-10,156,780.32,30.6146,0.4883,998.5762,0,118.91,1,wait,20,0.593
m3-10,157,785.33,30.5417,0.2441,998.4692,0,114.39,1,wait,20,0.573
m3-10,158,790.34,30.5146,0.4883,998.4412,0,119.02,1,wait,20,0.596
m3-10,159,795.33,30.5417,0.2441,998.5427,0,114.37,1,wait,20,0.571
m3-10,160,800.34,30.5229,0.2441,998.5967,0,119.03,1,wait,20,0.596
m3-10,161,805.35,30.5625,0.2441,998.4863,0,114.23,1,wait,20,0.572
m3-10,162,810.35,30.5312,0.4883,998.595,0,119.07,1,wait,20,0.595
m3-10,163,815.35,30.5625,0.2441,998.5554,0,114.2,1,wait,20,0.571
m3-10,164,820.35,30.5562,0.4883,998.5476,0,119.1,1,wait,20,0.596
m3-10,165,825.36,30.5979,0.2441,998.7253,0,114.37,1,wait,20,0.573
m3-10,166,830.35,30.5833,0.4883,998.459,0,119.12,1,wait,20,0.594
m3-11,1,4.8,29.9438,0.4883,999.1604,0,115.85,1,wait,2,0.556
m3-11,2,9.79,29.9604,0.7324,998.9651,0,115.22,1,wait,3,0.575
m3-11,3,14.8,29.9375,0.4883,999.0078,0,116.4,1,wait,4,0.583
m3-11,4,19.81,29.9458,0.7324,999.032,0,115.41,1,wait,5,0.578
m3-11,5,24.8,29.9667,0.4883,999.0798,0,116.35,1,wait,6,0.581
m3-11,6,29.81,29.9833,0.7324,999.0979,0,115.22,1,wait,7,0.577
m3-11,7,34.82,29.9979,0.4883,999.0566,0,116.42,1,wait,8,0.583
m3-11,8,39.82,29.9854,0.7324,999.0603,0,115.29,1,wait,9,0.576
m3-11,9,44.82,30.0104,0.4883,999.1272,0,116.38,1,wait,10,0.582
m3-11,10,49.82,30.0167,0.7324,999.1502,0,115.36,1,wait,11,0.577
m3-11,11,54.83,30.0438,0.4883,998.9297,0,116.25,1,wait,12,0.582
m3-11,12,59.82,29.9917,0.7324,999.0652,0,115.5,1,wait,13,0.576
m3-11,13,64.83,30.0312,0.4883,998.9756,0,116.21,1,wait,14,0.582
m3-11,14,69.84,30.0062,0.7324,998.9995,0,115.55,1,wait,15,0.579
m3-11,15,74.83,30.0354,0.4883,998.9766,0,116.13,1,wait,16,0.579
m3-11,16,79.84,30.0104,0.7324,999.1196,0,115.67,1,wait,17,0.579
m3-11,17,84.84,30.0646,0.4883,998.9746,0,116.18,1,wait,18,0.581
m3-11,18,89.85,30.0312,0.7324,999.0454,0,115.38,1,wait,19,0.578
m3-11,19,94.84,30.0396,0.4883,998.9878,0,116.3,1,wait,20,0.58
m3-11,20,99.85,30.0458,0.7324,999.2441,0,115.51,1,wait,20,0.579
m3-11,21,104.86,30.1,0.4883,998.9695,0,116.19,1,wait,20,0.582
m3-11,22,109.85,30.0562,0.7324,999.1262,0,115.59,1,wait,20,0.577
m3-11,23,114.86,30.1042,0.4883,999.1345,0,116.13,1,wait,20,0.582
m3-11,24,119.87,30.075,0.7324,999.188,0,115.65,1,wait,20,0.579
m3-11,25,124.86,30.1271,0.4883,999.134,0,116.02,1,wait,20,0.579
m3-11,26,129.87,30.1188,0.7324,999.0586,0,115.75,1,wait,20,0.58
m3-11,27,134.87,30.1271,0.4883,999.0938,0,115.94,1,wait,20,0.58
m3-11,28,139.88,30.1208,0.7324,999.1396,0,115.81,1,wait,20,0.58
m3-11,29,144.87,30.1271,0.4883,999.0454,0,116.05,1,wait,20,0.579
m3-11,30,149.88,30.1125,0.7324,999.1553,0,115.75,1,wait,20,0.58
m3-11,31,154.89,30.1354,0.4883,998.9453,0,115.77,1,wait,20,0.58
m3-11,32,159.9,30.0896,0.7324,999.1116,0,115.99,1,wait,20,0.581
m3-11,33,164.89,30.15,0.4883,999.1038,0,115.85,1,wait,20,0.578
m3-11,34,169.9,30.1354,0.7324,999.0442,0,115.77,1,wait,20,0.58
m3-11,35,174.9,30.1292,0.4883,999.0535,0,115.93,1,wait,20,0.58
m3-11,36,179.91,30.1458,0.7324,999.084,0,115.8,1,wait,20,0.58
m3-11,37,184.9,30.15,0.4883,999.0532,0,115.88,1,wait,20,0.578
m3-11,38,189.91,30.1458,0.7324,999.0562,0,115.92,1,wait,20,0.581
m3-11,39,194.92,30.1292,0.4883,998.9915,0,115.78,1,wait,20,0.58
m3-11,40,199.93,30.1333,0.7324,999.1013,0,115.98,1,wait,20,0.581
m3-11,41,204.92,30.1667,0.4883,999.0288,0,115.72,1,wait,20,0.577
m3-11,42,209.93,30.1583,0.7324,999.2229,0,116.1,1,wait,20,0.582
m3-11,43,214.93,30.2083,0.4883,999.0293,0,115.61,1,wait,20,0.578
m3-11,44,219.94,30.1729,0.7324,999.0691,0,116.15,1,wait,20,0.582
m3-11,45,224.93,30.1833,0.4883,999.0623,0,115.72,1,wait,20,0.577
m3-11,46,229.94,30.1833,0.7324,999.0342,0,116.1,1,wait,20,0.582
m3-11,47,234.95,30.1646,0.4883,998.9988,0,115.43,1,wait,20,0.578
m3-11,48,239.96,30.1771,0.7324,998.9636,0,116.35,1,wait,20,0.583
m3-11,49,244.95,30.1833,0.4883,998.9636,0,115.53,1,wait,20,0.577
m3-11,50,249.95,30.1875,0.7324,999.0833,0,116.08,1,wait,20,0.58
m3-11,51,254.96,30.2146,0.4883,999.019,0,115.62,1,wait,20,0.579
m3-11,52,259.95,30.1792,0.7324,999.1694,0,116.18,1,wait,20,0.58
m3-11,53,264.96,30.2188,0.4883,999.0342,0,115.58,1,wait,20,0.579
m3-11,54,269.97,30.2021,0.7324,999.0405,0,116.24,1,wait,20,0.582
m3-11,55,274.98,30.1854,0.4883,999.072,0,115.45,1,wait,20,0.578
m3-11,56,279.97,30.2188,0.7324,999.0877,0,116.36,1,wait,20,0.581
m3-11,57,284.98,30.2354,0.4883,999.2073,0,115.36,1,wait,20,0.578
m3-11,58,289.98,30.2667,0.7324,999.1309,0,116.39,1,wait,20,0.582
m3-11,59,294.98,30.2521,0.4883,998.9937,0,115.28,1,wait,20,0.576
m3-11,60,299.98,30.2062,0.7324,999.2283,0,116.37,1,wait,20,0.582
m3-11,61,304.99,30.2688,0.4883,999.1331,0,115.52,1,wait,20,0.579
m3-11,62,310.0,30.2354,0.7324,999.0366,0,116.5,1,wait,20,0.584
m3-11,63,314.99,30.2292,0.4883,999.0437,0,115.19,1,wait,20,0.575
m3-11,64,320.0,30.2479,0.7324,999.1436,0,116.33,1,wait,20,0.583
m3-11,65,325.01,30.2542,0.4883,999.0093,0,115.35,1,wait,20,0.578
m3-11,66,330.0,30.2167,0.7324,999.031,0,116.44,1,wait,20,0.581
m3-11,67,335.01,30.2646,0.4883,999.1252,0,115.31,1,wait,20,0.578
m3-11,68,340.01,30.2521,0.7324,999.1682,0,116.51,1,wait,20,0.583
m3-11,69,345.02,30.2646,0.4883,999.1892,0,115.18,1,wait,20,0.577
m3-11,70,350.01,30.3,0.7324,999.0955,0,116.61,1,wait,20,0.582
m3-11,71,355.02,30.275,0.4883,999.1558,0,115.13,1,wait,20,0.577
m3-11,72,360.03,30.2979,0.7324,999.1677,0,116.67,1,wait,20,0.585
m3-11,73,365.03,30.3062,0.4883,998.9922,0,115.0,1,wait,20,0.575
m3-11,74,370.03,30.2479,0.7324,999.0632,0,116.78,1,wait,20,0.584
m3-11,75,375.03,30.2646,0.4883,999.0803,0,115.12,1,wait,20,0.576
m3-11,76,380.04,30.2792,0.7324,999.1907,0,116.51,1,wait,20,0.584
m3-11,77,385.05,30.2979,0.4883,999.001,0,115.17,1,wait,20,0.577
m3-11,78,390.04,30.2896,0.7324,999.1724,0,116.62,1,wait,20,0.582
m3-11,79,395.05,30.3312,0.4883,999.0586,0,115.14,1,wait,20,0.577
m3-11,80,400.06,30.3167,0.7324,999.0237,0,116.69,1,wait,20,0.585
m3-11,81,405.06,30.2854,0.4883,999.0232,0,115.02,1,wait,20,0.575
m3-11,82,410.06,30.2854,0.7324,998.9785,0,116.8,1,wait,20,0.584
m3-11,83,415.06,30.2688,0.4883,999.0171,0,114.96,1,wait,20,0.575
m3-11,84,420.07,30.2958,0.7324,999.1697,0,116.84,1,wait,20,0.585
m3-11,85,425.08,30.3312,0.4883,999.0183,0,114.86,1,wait,20,0.575
m3-11,86,430.07,30.325,0.7324,999.1502,0,116.97,1,wait,20,0.584
m3-11,87,435.08,30.325,0.4883,999.0632,0,114.76,1,wait,20,0.575
m3-11,88,440.09,30.3188,0.7324,999.0461,0,117.02,1,wait,20,0.586
m3-11,89,445.09,30.3271,0.4883,999.2234,0,114.7,1,wait,20,0.574
m3-11,90,450.09,30.3354,0.7324,999.1238,0,117.15,1,wait,20,0.586
m3-11,91,455.09,30.3417,0.4883,999.0833,0,114.75,1,wait,20,0.574
m3-11,92,460.1,30.3146,0.7324,999.071,0,116.85,1,wait,20,0.585
m3-11,93,465.11,30.3229,0.4883,999.2039,0,114.87,1,wait,20,0.575
m3-11,94,470.1,30.3458,0.7324,999.0007,0,116.99,1,wait,20,0.584
m3-11,95,475.11,30.3,0.4883,999.0535,0,114.74,1,wait,20,0.575
m3-11,96,480.12,30.3083,0.7324,999.156,0,117.03,1,wait,20,0.586
m3-11,97,485.12,30.3333,0.4883,998.979,0,114.71,1,wait,20,0.574
m3-11,98,490.12,30.2896,0.7324,999.0386,0,117.17,1,wait,20,0.586
m3-11,99,495.12,30.3354,0.4883,999.1069,0,114.58,1,wait,20,0.573
m3-11,100,500.13,30.3292,0.7324,999.0435,0,117.2,1,wait,20,0.587
m3-11,101,505.14,30.3562,0.4883,999.0098,0,114.54,1,wait,20,0.574
m3-11,102,510.13,30.3354,0.7324,999.1299,0,117.33,1,wait,20,0.585
m3-11,103,515.14,30.3604,0.4883,998.9871,0,114.41,1,wait,20,0.573
m3-11,104,520.15,30.3479,0.7324,999.1856,0,117.38,1,wait,20,0.588
m3-11,105,525.15,30.3625,0.4883,999.0344,0,114.37,1,wait,20,0.572
m3-11,106,530.14,30.3229,0.7324,999.1165,0,117.35,1,wait,20,0.586
m3-11,107,535.15,30.3729,0.4883,999.0422,0,114.58,1,wait,20,0.574
m3-11,108,540.16,30.3438,0.7324,999.1497,0,117.22,1,wait,20,0.587
m3-11,109,545.17,30.3625,0.4883,999.0156,0,114.54,1,wait,20,0.574
m3-11,110,550.16,30.3188,0.7324,998.9683,0,117.3,1,wait,20,0.585
m3-11,111,555.17,30.3312,0.4883,999.0376,0,114.4,1,wait,20,0.573
m3-11,112,560.17,30.3438,0.7324,999.0659,0,117.37,1,wait,20,0.587
m3-11,113,565.18,30.3354,0.4883,999.0488,0,114.34,1,wait,20,0.573
m3-11,114,570.17,30.3438,0.7324,999.01,0,117.45,1,wait,20,0.586
m3-11,115,575.18,30.3292,0.4883,999.0754,0,114.23,1,wait,20,0.572
m3-11,116,580.19,30.3479,0.7324,999.085,0,117.55,1,wait,20,0.589
m3-11,117,585.2,30.35,0.4883,999.0488,0,114.18,1,wait,20,0.572
m3-11,118,590.19,30.3583,0.7324,998.9641,0,117.6,1,wait,20,0.587
m3-11,119,595.2,30.3667,0.4883,998.9434,0,114.07,1,wait,20,0.571
m3-11,120,600.2,30.3375,0.7324,999.0715,0,117.7,1,wait,20,0.588
m3-11,121,605.21,30.375,0.4883,999.0498,0,114.01,1,wait,20,0.571
m3-11,122,610.2,30.3521,0.7324,999.0527,0,117.61,1,wait,20,0.587
m3-11,123,615.21,30.3708,0.2441,999.0644,0,114.22,1,wait,20,0.572
m3-11,124,620.22,30.3646,0.7324,999.0156,0,117.58,1,wait,20,0.589
m3-11,125,625.23,30.3271,0.4883,999.116,0,114.18,1,wait,20,0.572
m3-11,126,630.22,30.3625,0.7324,999.0986,0,117.61,1,wait,20,0.587
m3-11,127,635.23,30.3708,0.4883,999.0696,0,114.06,1,wait,20,0.571
m3-11,128,640.23,30.3625,0.7324,999.0625,0,117.72,1,wait,20,0.589
m3-11,129,645.24,30.3729,0.2441,999.0005,0,113.98,1,wait,20,0.571
m3-11,130,650.23,30.35,0.7324,999.0403,0,117.74,1,wait,20,0.588
m3-11,131,655.24,30.3521,0.4883,999.074,0,113.9,1,wait,20,0.571
m3-11,132,660.25,30.3646,0.7324,999.0461,0,117.86,1,wait,20,0.59
m3-11,133,665.26,30.3417,0.2441,999.1418,0,113.8,1,wait,20,0.57
m3-11,134,670.25,30.3792,0.7324,999.1042,0,117.9,1,wait,20,0.588
m3-11,135,675.26,30.3646,0.2441,999.0039,0,113.7,1,wait,20,0.57
m3-11,136,680.26,30.3604,0.7324,999.0752,0,118.02,1,wait,20,0.59
m3-11,137,685.27,30.3771,0.4883,999.0286,0,113.65,1,wait,20,0.569
m3-11,138,690.26,30.3792,0.7324,999.0293,0,117.93,1,wait,20,0.588
m3-11,139,695.27,30.3562,0.2441,998.9617,0,113.88,1,wait,20,0.571
m3-11,140,700.28,30.3396,0.7324,999.0547,0,117.85,1,wait,20,0.59
m3-11,141,705.29,30.3479,0.4883,999.0713,0,113.8,1,wait,20,0.57
m3-11,142,710.28,30.3854,0.7324,999.0867,0,117.93,1,wait,20,0.588
m3-11,143,715.28,30.3521,0.2441,998.9272,0,113.72,1,wait,20,0.569
m3-11,144,720.29,30.3521,0.7324,999.1655,0,118.03,1,wait,20,0.591
m3-11,145,725.3,30.4167,0.4883,999.0742,0,113.64,1,wait,20,0.569
m3-11,146,730.29,30.3854,0.7324,999.0444,0,118.09,1,wait,20,0.589
m3-11,147,735.3,30.3792,0.2441,999.063,0,113.56,1,wait,20,0.569
m3-11,148,740.31,30.4,0.7324,999.0425,0,118.19,1,wait,20,0.592
m3-11,149,745.32,30.3833,0.2441,999.1428,0,113.43,1,wait,20,0.568
m3-11,150,750.31,30.4333,0.7324,999.1401,0,118.25,1,wait,20,0.59
m3-11,151,755.31,30.4083,0.4883,999.156,0,113.39,1,wait,20,0.567
m3-11,152,760.32,30.3958,0.7324,998.9546,0,118.34,1,wait,20,0.593
m3-11,153,765.31,30.3812,0.4883,999.1003,0,113.43,1,wait,20,0.566
m3-11,154,770.32,30.3938,0.7324,999.0649,0,118.12,1,wait,20,0.592
m3-11,155,775.33,30.3979,0.4883,999.1094,0,113.56,1,wait,20,0.569
m3-11,156,780.34,30.4333,0.7324,999.1189,0,118.18,1,wait,20,0.592
m3-11,157,785.33,30.4083,0.4883,999.1487,0,113.45,1,wait,20,0.566
m3-11,158,790.34,30.4229,0.7324,999.1209,0,118.29,1,wait,20,0.593
m3-11,159,795.34,30.4208,0.7324,999.1013,0,113.37,1,wait,20,0.567
m3-11,160,800.34,30.4125,0.4883,999.1543,0,118.31,1,wait,20,0.592
m3-11,161,805.34,30.4021,0.4883,999.1394,0,113.42,1,wait,20,0.567
m3-11,162,810.35,30.425,0.7324,999.1257,0,118.28,1,wait,20,0.593
m3-11,163,815.34,30.4396,0.2441,999.0608,0,113.46,1,wait,20,0.566
m3-11,164,820.35,30.4042,0.4883,999.0881,0,118.14,1,wait,20,0.592
m3-11,165,825.36,30.4438,0.4883,999.011,0,113.58,1,wait,20,0.569
m3-11,166,830.37,30.4125,0.7324,999.0476,0,118.05,1,wait,20,0.591
m3-12,1,4.79,30.0958,0.2441,998.1941,0,118.19,1,wait,2,0.565
m3-12,2,9.8,30.1146,0.4883,998.1821,0,117.19,1,wait,3,0.587
m3-12,3,14.8,30.1229,0.2441,998.1772,0,118.74,1,wait,4,0.594
m3-12,4,19.81,30.1271,0.4883,998.0855,0,117.28,1,wait,5,0.588
m3-12,5,24.8,30.1271,0.2441,998.0745,0,118.73,1,wait,6,0.592
m3-12,6,29.81,30.1208,0.4883,998.1296,0,117.24,1,wait,7,0.587
m3-12,7,34.82,30.1396,0.2441,998.0796,0,118.66,1,wait,8,0.594
m3-12,8,39.81,30.1417,0.4883,998.1577,0,117.32,1,wait,9,0.585
m3-12,9,44.82,30.1208,0.2441,998.1965,0,118.61,1,wait,10,0.594
m3-12,10,49.83,30.1438,0.4883,998.2498,0,117.32,1,wait,11,0.588
m3-12,11,54.82,30.1896,0.2441,998.1467,0,118.62,1,wait,12,0.592
m3-12,12,59.82,30.1604,0.4883,998.2864,0,117.29,1,wait,13,0.586
m3-12,13,64.83,30.1938,0.2441,998.1228,0,118.58,1,wait,14,0.594
m3-12,14,69.84,30.1646,0.4883,998.2014,0,117.33,1,wait,15,0.588
m3-12,15,74.83,30.1604,0.2441,998.1101,0,118.48,1,wait,16,0.591
m3-12,16,79.84,30.1833,0.4883,998.1997,0,117.37,1,wait,17,0.588
m3-12,17,84.85,30.2271,0.2441,998.1663,0,118.52,1,wait,18,0.594
m3-12,18,89.84,30.2146,0.4883,998.1709,0,117.36,1,wait,19,0.586
m3-12,19,94.85,30.2167,0.2441,998.2512,0,118.52,1,wait,20,0.594
m3-12,20,99.85,30.2458,0.4883,998.1724,0,117.43,1,wait,20,0.587
m3-12,21,104.86,30.2333,0.2441,998.1753,0,118.38,1,wait,20,0.593
m3-12,22,109.85,30.2042,0.4883,998.1221,0,117.54,1,wait,20,0.587
m3-12,23,114.86,30.2271,0.2441,998.2165,0,118.43,1,wait,20,0.593
m3-12,24,119.87,30.2354,0.4883,998.1455,0,117.68,1,wait,20,0.59
m3-12,25,124.86,30.2354,0.2441,998.147,0,118.29,1,wait,20,0.59
m3-12,26,129.87,30.2312,0.4883,998.0244,0,117.71,1,wait,20,0.59
m3-12,27,134.88,30.2688,0.2441,998.126,0,118.04,1,wait,20,0.591
m3-12,28,139.88,30.2833,0.4883,998.27,0,117.87,1,wait,20,0.589
m3-12,29,144.87,30.2812,0.2441,998.2644,0,118.18,1,wait,20,0.59
m3-12,30,149.88,30.3021,0.4883,998.0574,0,117.74,1,wait,20,0.59
m3-12,31,154.89,30.2396,0.2441,998.0732,0,118.05,1,wait,20,0.591
m3-12,32,159.9,30.2625,0.4883,998.1531,0,117.87,1,wait,20,0.591
m3-12,33,164.89,30.2812,0.2441,998.1997,0,118.04,1,wait,20,0.589
m3-12,34,169.9,30.2958,0.4883,998.1006,0,117.95,1,wait,20,0.591
m3-12,35,174.9,30.2625,0.2441,998.1418,0,117.96,1,wait,20,0.59
m3-12,36,179.91,30.2688,0.4883,998.0501,0,117.98,1,wait,20,0.591
m3-12,37,184.9,30.3083,0.2441,998.1028,0,118.0,1,wait,20,0.589
m3-12,38,189.91,30.2792,0.4883,998.1433,0,117.98,1,wait,20,0.591
m3-12,39,194.92,30.2854,0.2441,998.1436,0,117.94,1,wait,20,0.591
m3-12,40,199.93,30.2854,0.4883,998.1309,0,117.99,1,wait,20,0.591
m3-12,41,204.92,30.3417,0.2441,998.1187,0,117.87,1,wait,20,0.588
m3-12,42,209.93,30.3375,0.4883,998.2092,0,118.05,1,wait,20,0.591
m3-12,43,214.93,30.3333,0.2441,998.2158,0,117.87,1,wait,20,0.589
m3-12,44,219.94,30.3396,0.4883,998.0801,0,118.05,1,wait,20,0.591
m3-12,45,224.93,30.3292,0.2441,998.1587,0,117.92,1,wait,20,0.588
m3-12,46,229.94,30.3292,0.4883,998.032,0,118.11,1,wait,20,0.592
m3-12,47,234.95,30.3146,0.2441,998.165,0,117.84,1,wait,20,0.59
m3-12,48,239.96,30.3188,0.4883,998.0225,0,118.13,1,wait,20,0.592
m3-12,49,244.95,30.3083,0.2441,998.2454,0,117.79,1,wait,20,0.588
m3-12,50,249.95,30.2979,0.4883,998.1623,0,118.14,1,wait,20,0.591
m3-12,51,254.96,30.3333,0.2441,998.1499,0,117.82,1,wait,20,0.59
m3-12,52,259.95,30.3458,0.4883,998.3328,0,118.12,1,wait,20,0.589
m3-12,53,264.96,30.3896,0.2441,998.0349,0,117.74,1,wait,20,0.59
m3-12,54,269.97,30.3146,0.4883,998.0906,0,118.2,1,wait,20,0.592
m3-12,55,274.98,30.3667,0.2441,998.137,0,117.7,1,wait,20,0.59
m3-12,56,279.97,30.35,0.4883,998.1919,0,118.23,1,wait,20,0.59
m3-12,57,284.98,30.3479,0.2441,998.1279,0,117.73,1,wait,20,0.59
m3-12,58,289.98,30.3333,0.4883,998.0791,0,118.26,1,wait,20,0.591
m3-12,59,294.98,30.3312,0.2441,998.1362,0,117.73,1,wait,20,0.589
m3-12,60,299.98,30.3812,0.4883,998.2158,0,118.29,1,wait,20,0.591
m3-12,61,304.99,30.3958,0.2441,998.2144,0,117.64,1,wait,20,0.589
m3-12,62,310.0,30.3958,0.4883,998.0501,0,118.33,1,wait,20,0.593
m3-12,63,314.99,30.3458,0.2441,998.176,0,117.66,1,wait,20,0.587
m3-12,64,320.0,30.3833,0.4883,998.2283,0,118.33,1,wait,20,0.593
m3-12,65,325.01,30.3917,0.2441,998.1985,0,117.61,1,wait,20,0.589
m3-12,66,330.01,30.3854,0.4883,998.1792,0,118.31,1,wait,20,0.592
m3-12,67,335.0,30.3896,0.2441,998.083,0,117.55,1,wait,20,0.587
m3-12,68,340.01,30.3417,0.4883,998.1689,0,118.38,1,wait,20,0.593
m3-12,69,345.02,30.4042,0.2441,998.1475,0,117.53,1,wait,20,0.589
m3-12,70,350.03,30.4,0.4883,998.189,0,118.64,1,wait,20,0.594
m3-12,71,355.02,30.3938,0.2441,998.1301,0,117.32,1,wait,20,0.585
m3-12,72,360.03,30.3875,0.4883,998.0906,0,118.59,1,wait,20,0.594
m3-12,73,365.03,30.3771,0.2441,998.1052,0,117.31,1,wait,20,0.587
m3-12,74,370.04,30.3896,0.4883,998.1284,0,118.63,1,wait,20,0.594
m3-12,75,375.03,30.3854,0.2441,998.1929,0,117.31,1,wait,20,0.585
m3-12,76,380.04,30.4312,0.4883,998.1348,0,118.64,1,wait,20,0.594
m3-12,77,385.05,30.3979,0.2441,998.0891,0,117.16,1,wait,20,0.587
m3-12,78,390.06,30.3917,0.4883,998.1716,0,118.76,1,wait,20,0.595
m3-12,79,395.05,30.4396,0.2441,998.2446,0,117.13,1,wait,20,0.584
m3-12,80,400.06,30.4146,0.4883,998.2405,0,118.86,1,wait,20,0.596
m3-12,81,405.06,30.4417,0.2441,998.1113,0,117.11,1,wait,20,0.586
m3-12,82,410.07,30.4062,0.4883,998.2058,0,118.92,1,wait,20,0.596
m3-12,83,415.06,30.4396,0.2441,998.1047,0,117.12,1,wait,20,0.584
m3-12,84,420.07,30.4208,0.4883,998.0769,0,118.9,1,wait,20,0.596
m3-12,85,425.08,30.3917,0.2441,998.1321,0,117.09,1,wait,20,0.587
m3-12,86,430.09,30.4167,0.4883,998.0623,0,118.92,1,wait,20,0.596
m3-12,87,435.08,30.4188,0.2441,998.1169,0,116.99,1,wait,20,0.584
m3-12,88,440.08,30.3979,0.4883,998.1392,0,118.97,1,wait,20,0.595
m3-12,89,445.09,30.3958,0.2441,998.2749,0,116.99,1,wait,20,0.586
m3-12,90,450.1,30.4688,0.4883,998.1716,0,118.95,1,wait,20,0.596
m3-12,91,455.09,30.425,0.2441,998.2688,0,117.0,1,wait,20,0.584
m3-12,92,460.1,30.45,0.4883,998.0295,0,119.0,1,wait,20,0.596
m3-12,93,465.11,30.4167,0.2441,998.1084,0,116.94,1,wait,20,0.586
m3-12,94,470.11,30.4333,0.4883,998.1028,0,119.08,1,wait,20,0.595
m3-12,95,475.11,30.4104,0.2441,998.1431,0,116.93,1,wait,20,0.585
m3-12,96,480.11,30.4458,0.4883,998.1677,0,119.03,1,wait,20,0.595
m3-12,97,485.12,30.4625,0.2441,998.1816,0,116.91,1,wait,20,0.586
m3-12,98,490.13,30.4188,0.4883,998.2234,0,119.03,1,wait,20,0.596
m3-12,99,495.12,30.4458,0.2441,998.2759,0,116.85,1,wait,20,0.583
m3-12,100,500.13,30.4833,0.4883,998.208,0,119.11,1,wait,20,0.597
m3-12,101,505.14,30.4438,0.2441,998.1741,0,116.84,1,wait,20,0.585
m3-12,102,510.14,30.4542,0.4883,998.1934,0,119.15,1,wait,20,0.596
m3-12,103,515.14,30.4646,0.2441,998.2095,0,116.86,1,wait,20,0.584
m3-12,104,520.14,30.4688,0.4883,998.23,0,119.13,1,wait,20,0.596
m3-12,105,525.15,30.4771,0.2441,998.0769,0,116.82,1,wait,20,0.585
m3-12,106,530.16,30.4354,0.4883,998.1418,0,119.22,1,wait,20,0.597
m3-12,107,535.15,30.4625,0.2441,998.1291,0,116.76,1,wait,20,0.583
m3-12,108,540.16,30.4854,0.4883,998.2034,0,119.23,1,wait,20,0.597
m3-12,109,545.16,30.4646,0.2441,998.1416,0,116.76,1,wait,20,0.584
m3-12,110,550.17,30.4646,0.4883,998.1772,0,119.18,1,wait,20,0.597
m3-12,111,555.16,30.4688,0.2441,998.2344,0,116.75,1,wait,20,0.583
m3-12,112,560.17,30.4854,0.4883,998.2312,0,119.29,1,wait,20,0.598
m3-12,113,565.18,30.4875,0.2441,998.2073,0,116.71,1,wait,20,0.585
m3-12,114,570.19,30.4708,0.4883,998.1892,0,119.53,1,wait,20,0.599
m3-12,115,575.18,30.4646,0.2441,998.3303,0,116.5,1,wait,20,0.581
m3-12,116,580.19,30.5,0.4883,998.0747,0,119.44,1,wait,20,0.598
m3-12,117,585.19,30.4792,0.2441,998.1338,0,116.33,1,wait,20,0.582
m3-12,118,590.2,30.4771,0.4883,998.2351,0,119.63,1,wait,20,0.599
m3-12,119,595.19,30.4688,0.2441,998.2026,0,116.42,1,wait,20,0.581
m3-12,120,600.2,30.4938,0.4883,998.1204,0,119.52,1,wait,20,0.599
m3-12,121,605.21,30.4562,0.2441,998.2832,0,116.25,1,wait,20,0.582
m3-12,122,610.22,30.4958,0.4883,998.3074,0,119.7,1,wait,20,0.6
m3-12,123,615.21,30.5062,0.2441,998.2664,0,116.3,1,wait,20,0.58
m3-12,124,620.22,30.5062,0.4883,998.1711,0,119.7,1,wait,20,0.6
m3-12,125,625.22,30.4875,0.2441,998.272,0,116.22,1,wait,20,0.581
m3-12,126,630.23,30.5188,0.4883,998.1863,0,119.79,1,wait,20,0.6
m3-12,127,635.22,30.5,0.2441,998.2144,0,116.18,1,wait,20,0.58
m3-12,128,640.23,30.5104,0.4883,998.2217,0,119.77,1,wait,20,0.6
m3-12,129,645.24,30.5,0.2441,998.2253,0,116.18,1,wait,20,0.582
m3-12,130,650.25,30.5083,0.4883,997.9478,0,119.74,1,wait,20,0.6
m3-12,131,655.24,30.4208,0.2441,998.1467,0,116.13,1,wait,20,0.579
m3-12,132,660.24,30.4646,0.4883,998.157,0,119.88,1,wait,20,0.599
m3-12,133,665.25,30.5417,0.2441,998.2063,0,116.14,1,wait,20,0.582
m3-12,134,670.26,30.4917,0.4883,998.0793,0,119.89,1,wait,20,0.601
m3-12,135,675.25,30.4854,0.2441,998.2639,0,116.14,1,wait,20,0.58
m3-12,136,680.26,30.5292,0.4883,998.2195,0,119.87,1,wait,20,0.601
m3-12,137,685.27,30.5125,0.2441,998.2708,0,116.11,1,wait,20,0.582
m3-12,138,690.27,30.5167,0.4883,998.1853,0,119.94,1,wait,20,0.6
m3-12,139,695.27,30.5062,0.2441,998.2341,0,116.02,1,wait,20,0.58
m3-12,140,700.27,30.5167,0.4883,998.1975,0,119.97,1,wait,20,0.6
m3-12,141,705.28,30.5188,0.2441,998.1931,0,116.03,1,wait,20,0.581
m3-12,142,710.29,30.5104,0.4883,998.0701,0,119.9,1,wait,20,0.601
m3-12,143,715.28,30.4979,0.2441,998.2947,0,116.02,1,wait,20,0.579
m3-12,144,720.29,30.5438,0.4883,998.2622,0,120.02,2,transmit,1,0.601
m3-12,145,725.3,30.5396,0.2441,998.0166,0,115.99,1,wait,2,0.581
m3-12,146,730.3,30.4812,0.4883,998.1626,0,120.09,2,transmit,1,0.6
m3-12,147,735.3,30.5208,0.2441,998.2461,0,115.98,1,wait,2,0.58
m3-12,148,740.3,30.5333,0.4883,998.1802,0,120.02,2,transmit,1,0.6
m3-12,149,745.31,30.5229,0.2441,998.1856,0,115.94,1,wait,2,0.581
m3-12,150,750.32,30.5104,0.4883,998.2341,0,120.04,2,transmit,1,0.601
m3-12,151,755.31,30.5521,0.2441,998.1526,0,115.87,1,wait,2,0.578
m3-12,152,760.32,30.4792,0.4883,998.1589,0,120.12,2,transmit,1,0.602
m3-12,153,765.32,30.5333,0.2441,998.227,0,115.85,1,wait,2,0.579
m3-12,154,770.32,30.5458,0.4883,998.1394,0,120.09,2,transmit,1,0.6
m3-12,155,775.32,30.5146,0.2441,998.2678,0,115.88,1,wait,2,0.579
m3-12,156,780.33,30.5688,0.4883,998.2551,0,120.11,2,transmit,1,0.602
m3-12,157,785.34,30.5396,0.2441,998.3032,0,115.82,1,wait,2,0.58
m3-12,158,790.33,30.55,0.4883,998.2192,0,120.31,2,transmit,1,0.6
m3-12,159,795.34,30.5375,0.2441,998.1523,0,115.79,1,wait,2,0.58
m3-12,160,800.35,30.5271,0.4883,998.1162,0,120.28,2,transmit,1,0.603
m3-12,161,805.34,30.55,0.2441,998.1509,0,115.68,1,wait,2,0.577
m3-12,162,810.35,30.5312,0.4883,998.2092,0,120.26,2,transmit,1,0.602
m3-12,163,815.35,30.5458,0.2441,998.0613,0,115.63,1,wait,2,0.578
m3-12,164,820.36,30.5021,0.4883,998.1279,0,120.34,2,transmit,1,0.603
m3-12,165,825.35,30.5417,0.4883,998.1531,0,115.61,1,wait,2,0.577
m3-12,166,830.36,30.5271,0.4883,998.2141,0,120.28,2,transmit,1,0.603
m3-13,1,4.79,28.8292,0.2441,999.2651,0,119.28,1,wait,2,0.57
m3-13,2,9.8,28.8583,0.4883,999.2832,0,117.87,1,wait,3,0.591
m3-13,3,14.81,28.8479,0.2441,999.2153,0,119.62,1,wait,4,0.599
m3-13,4,19.8,28.8625,0.4883,999.2812,0,118.22,1,wait,5,0.59
m3-13,5,24.81,28.8688,0.2441,999.2959,0,119.57,1,wait,6,0.599
m3-13,6,29.81,28.8875,0.4883,999.2996,0,118.16,1,wait,7,0.591
m3-13,7,34.82,28.8854,0.2441,999.3552,0,119.58,1,wait,8,0.599
m3-13,8,39.81,28.9042,0.4883,999.3162,0,118.33,1,wait,9,0.59
m3-13,9,44.82,28.9125,0.2441,999.272,0,119.62,1,wait,10,0.599
m3-13,10,49.83,28.8812,0.4883,999.3157,0,118.19,1,wait,11,0.592
m3-13,11,54.82,28.9229,0.2441,999.3166,0,119.46,1,wait,12,0.596
m3-13,12,59.83,28.9312,0.4883,999.2295,0,118.32,1,wait,13,0.593
m3-13,13,64.83,28.9271,0.2441,999.1711,0,119.5,1,wait,14,0.598
m3-13,14,69.83,28.8854,0.4883,999.2439,0,118.28,1,wait,15,0.591
m3-13,15,74.83,28.9333,0.2441,999.3433,0,119.4,1,wait,16,0.597
m3-13,16,79.84,28.95,0.4883,999.3538,0,118.44,1,wait,17,0.593
m3-13,17,84.85,28.9604,0.2441,999.3867,0,119.38,1,wait,18,0.598
m3-13,18,89.84,28.9625,0.4883,999.3462,0,118.37,1,wait,19,0.591
m3-13,19,94.85,28.975,0.2441,999.2881,0,119.37,1,wait,20,0.598
m3-13,20,99.86,28.9625,0.4883,999.3508,0,118.62,1,wait,20,0.594
m3-13,21,104.85,28.975,0.2441,999.3176,0,119.25,1,wait,20,0.595
m3-13,22,109.86,28.975,0.4883,999.2676,0,118.47,1,wait,20,0.594
m3-13,23,114.86,28.95,0.2441,999.3962,0,119.29,1,wait,20,0.596
m3-13,24,119.87,28.9958,0.4883,999.3228,0,118.81,1,wait,20,0.595
m3-13,25,124.86,28.9812,0.2441,999.2954,0,119.09,1,wait,20,0.594
m3-13,26,129.87,28.9812,0.4883,999.2468,0,118.52,1,wait,20,0.594
m3-13,27,134.88,28.9708,0.2441,999.2749,0,119.17,1,wait,20,0.597
m3-13,28,139.87,28.9917,0.4883,999.3674,0,118.61,1,wait,20,0.592
m3-13,29,144.88,29.025,0.2441,999.2942,0,119.25,1,wait,20,0.597
m3-13,30,149.89,28.9938,0.4883,999.342,0,118.6,1,wait,20,0.594
m3-13,31,154.89,29.0271,0.2441,999.3894,0,119.01,1,wait,20,0.595
m3-13,32,159.88,29.0354,0.4883,999.4451,0,118.73,1,wait,20,0.592
m3-13,33,164.89,29.0354,0.2441,999.3149,0,119.21,1,wait,20,0.597
m3-13,34,169.9,29.0167,0.4883,999.3733,0,118.69,1,wait,20,0.595
m3-13,35,174.91,29.0438,0.2441,999.3401,0,118.91,1,wait,20,0.596
m3-13,36,179.9,29.0417,0.4883,999.3618,0,118.77,1,wait,20,0.593
m3-13,37,184.91,29.0438,0.2441,999.3938,0,119.14,1,wait,20,0.597
m3-13,38,189.91,29.0458,0.4883,999.3704,0,118.85,1,wait,20,0.594
m3-13,39,194.92,29.0542,0.2441,999.4587,0,118.81,1,wait,20,0.595
m3-13,40,199.91,29.0792,0.4883,999.3025,0,118.84,1,wait,20,0.593
m3-13,41,204.92,29.0292,0.2441,999.3613,0,119.03,1,wait,20,0.596
m3-13,42,209.93,29.0292,0.4883,999.2942,0,118.98,1,wait,20,0.596
m3-13,43,214.94,29.0854,0.2441,999.3215,0,118.8,1,wait,20,0.595
m3-13,44,219.93,29.0458,0.4883,999.4304,0,118.9,1,wait,20,0.593
m3-13,45,224.94,29.0729,0.2441,999.344,0,118.92,1,wait,20,0.596
m3-13,46,229.94,29.0625,0.4883,999.4058,0,119.13,1,wait,20,0.596
m3-13,47,234.95,29.0917,0.2441,999.2205,0,118.77,1,wait,20,0.595
m3-13,48,239.94,29.0479,0.4883,999.2498,0,118.99,1,wait,20,0.594
m3-13,49,244.95,29.05,0.2441,999.3457,0,118.79,1,wait,20,0.595
m3-13,50,249.96,29.0875,0.4883,999.2476,0,119.19,1,wait,20,0.597
m3-13,51,254.95,29.0708,0.2441,999.2576,0,118.85,1,wait,20,0.593
m3-13,52,259.96,29.0792,0.4883,999.4175,0,119.02,1,wait,20,0.596
m3-13,53,264.97,29.1208,0.2441,999.2129,0,118.66,1,wait,20,0.594
m3-13,54,269.97,29.0688,0.4883,999.3296,0,119.23,1,wait,20,0.596
m3-13,55,274.97,29.0771,0.2441,999.2573,0,118.76,1,wait,20,0.594
m3-13,56,279.97,29.0646,0.4883,999.1926,0,119.14,1,wait,20,0.596
m3-13,57,284.98,29.0646,0.2441,999.27,0,118.52,1,wait,20,0.594
m3-13,58,289.97,29.1167,0.4883,999.281,0,119.07,1,wait,20,0.594
m3-13,59,294.98,29.1,0.2441,999.1514,0,118.82,1,wait,20,0.595
m3-13,60,299.99,29.1271,0.4883,999.3164,0,119.27,1,wait,20,0.598
m3-13,61,304.99,29.125,0.2441,999.4014,0,118.52,1,wait,20,0.593
m3-13,62,309.99,29.0771,0.4883,999.3772,0,119.15,1,wait,20,0.596
m3-13,63,314.99,29.1083,0.2441,999.4148,0,118.64,1,wait,20,0.593
m3-13,64,320.0,29.1479,0.4883,999.2869,0,119.43,1,wait,20,0.598
m3-13,65,324.99,29.1042,0.2441,999.458,0,118.53,1,wait,20,0.591
m3-13,66,330.0,29.1438,0.4883,999.3154,0,119.25,1,wait,20,0.597
m3-13,67,335.01,29.1417,0.2441,999.1245,0,118.54,1,wait,20,0.594
m3-13,68,340.02,29.0646,0.4883,999.2744,0,119.47,1,wait,20,0.599
m3-13,69,345.01,29.1229,0.2441,999.2588,0,118.47,1,wait,20,0.591
m3-13,70,350.02,29.1167,0.4883,999.3337,0,119.45,1,wait,20,0.598
m3-13,71,355.02,29.1354,0.2441,999.28,0,118.39,1,wait,20,0.592
m3-13,72,360.03,29.1188,0.4883,999.3843,0,119.48,1,wait,20,0.599
m3-13,73,365.02,29.1521,0.2441,999.3377,0,118.38,1,wait,20,0.591
m3-13,74,370.03,29.1125,0.4883,999.2437,0,119.63,1,wait,20,0.599
m3-13,75,375.04,29.1521,0.2441,999.2205,0,118.29,1,wait,20,0.593
m3-13,76,380.05,29.1375,0.4883,999.2629,0,119.5,1,wait,20,0.599
m3-13,77,385.04,29.1417,0.2441,999.3345,0,118.26,1,wait,20,0.59
m3-13,78,390.05,29.1583,0.4883,999.4512,0,119.76,1,wait,20,0.6
m3-13,79,395.05,29.1979,0.2441,999.2822,0,118.26,1,wait,20,0.591
m3-13,80,400.06,29.1458,0.4883,999.2808,0,119.58,1,wait,20,0.599
m3-13,81,405.05,29.1479,0.2441,999.3149,0,118.22,1,wait,20,0.59
m3-13,82,410.06,29.1646,0.4883,999.3442,0,119.67,1,wait,20,0.6
m3-13,83,415.07,29.1667,0.2441,999.2627,0,118.26,1,wait,20,0.592
m3-13,84,420.08,29.1479,0.4883,999.3872,0,119.68,1,wait,20,0.6
m3-13,85,425.07,29.1771,0.2441,999.323,0,117.86,1,wait,20,0.588
m3-13,86,430.07,29.1688,0.4883,999.3701,0,119.87,1,wait,20,0.599
m3-13,87,435.08,29.2,0.2441,999.1968,0,118.21,1,wait,20,0.592
m3-13,88,440.09,29.1417,0.4883,999.2329,0,119.82,1,wait,20,0.6
m3-13,89,445.08,29.1562,0.2441,999.2146,0,117.9,1,wait,20,0.588
m3-13,90,450.09,29.1688,0.4883,999.3638,0,119.72,1,wait,20,0.6
m3-13,91,455.1,29.1938,0.2441,999.3127,0,118.09,1,wait,20,0.592
m3-13,92,460.11,29.1688,0.4883,999.3479,0,120.02,2,transmit,1,0.601
m3-13,93,465.1,29.1917,0.2441,999.3242,0,117.88,1,wait,2,0.588
m3-13,94,470.1,29.2,0.4883,999.2314,0,119.73,1,wait,3,0.599
m3-13,95,475.11,29.1438,0.2441,999.2649,0,117.93,1,wait,4,0.591
m3-13,96,480.12,29.1562,0.4883,999.3115,0,120.17,2,transmit,1,0.602
m3-13,97,485.11,29.1917,0.2441,999.3755,0,117.84,1,wait,2,0.588
m3-13,98,490.12,29.1917,0.4883,999.1018,0,119.83,1,wait,3,0.6
m3-13,99,495.13,29.1188,0.2441,999.2998,0,117.78,1,wait,4,0.59
m3-13,100,500.13,29.1792,0.4883,999.3916,0,120.24,2,transmit,1,0.601
m3-13,101,505.13,29.2104,0.2441,999.3709,0,117.84,1,wait,2,0.589
m3-13,102,510.13,29.2188,0.4883,999.4487,0,120.02,2,transmit,1,0.6
m3-13,103,515.14,29.225,0.2441,999.3152,0,117.66,1,wait,2,0.589
m3-13,104,520.15,29.1917,0.4883,999.2432,0,120.28,2,transmit,1,0.603
m3-13,105,525.14,29.1854,0.2441,999.3069,0,117.78,1,wait,2,0.588
m3-13,106,530.15,29.1875,0.4883,999.3604,0,120.18,2,transmit,1,0.602
m3-13,107,535.16,29.1375,0.2441,999.3582,0,117.56,1,wait,2,0.589
m3-13,108,540.16,29.1979,0.4883,999.3308,0,120.31,2,transmit,1,0.602
m3-13,109,545.16,29.2062,0.2441,999.3403,0,117.65,1,wait,2,0.588
m3-13,110,550.16,29.1917,0.4883,999.2927,0,120.32,2,transmit,1,0.602
m3-13,111,555.17,29.2167,0.2441,999.354,0,117.53,1,wait,2,0.589
m3-13,112,560.18,29.2125,0.4883,999.3569,0,120.38,2,transmit,1,0.603
m3-13,113,565.17,29.2083,0.2441,999.332,0,117.49,1,wait,2,0.586
m3-13,114,570.18,29.2042,0.4883,999.2566,0,120.42,2,transmit,1,0.603
m3-13,115,575.19,29.1792,0.2441,999.3377,0,117.51,1,wait,2,0.589
m3-13,116,580.19,29.1792,0.4883,999.3342,0,120.51,2,transmit,1,0.603
m3-13,117,585.18,29.2021,0.2441,999.4209,0,117.33,1,wait,2,0.585
m3-13,118,590.19,29.2125,0.4883,999.291,0,120.48,2,transmit,1,0.604
m3-13,119,595.2,29.1833,0.2441,999.314,0,117.44,1,wait,2,0.588
m3-13,120,600.21,29.1875,0.4883,999.2856,0,120.63,2,transmit,1,0.604
m3-13,121,605.2,29.1917,0.2441,999.322,0,117.19,1,wait,2,0.585
m3-13,122,610.21,29.2042,0.4883,999.2366,0,120.5,2,transmit,1,0.604
m3-13,123,615.21,29.1646,0.2441,999.3933,0,117.28,1,wait,2,0.586
m3-13,124,620.22,29.2354,0.4883,999.3377,0,120.76,2,transmit,1,0.605
m3-13,125,625.21,29.2021,0.2441,999.4648,0,117.14,1,wait,2,0.585
m3-13,126,630.22,29.2333,0.4883,999.2898,0,120.54,2,transmit,1,0.604
m3-13,127,635.23,29.2021,0.2441,999.2395,0,117.16,1,wait,2,0.587
m3-13,128,640.24,29.1958,0.4883,999.227,0,120.87,2,transmit,1,0.606
m3-13,129,645.23,29.1729,0.2441,999.292,0,117.05,1,wait,2,0.584
m3-13,130,650.24,29.1958,0.4883,999.386,0,120.65,2,transmit,1,0.604
m3-13,131,655.24,29.2104,0.2441,999.3435,0,117.0,1,wait,2,0.585
m3-13,132,660.25,29.2083,0.4883,999.3682,0,120.91,2,transmit,1,0.606
m3-13,133,665.24,29.2125,0.2441,999.2283,0,117.02,1,wait,2,0.584
m3-13,134,670.25,29.2021,0.4883,999.3398,0,120.78,2,transmit,1,0.605
m3-13,135,675.26,29.225,0.2441,999.3767,0,116.91,1,wait,2,0.586
m3-13,136,680.27,29.2354,0.4883,999.5085,0,120.98,2,transmit,1,0.606
m3-13,137,685.26,29.2292,0.2441,999.2991,0,116.89,1,wait,2,0.583
m3-13,138,690.27,29.2062,0.4883,999.2573,0,120.9,2,transmit,1,0.606
m3-13,139,695.27,29.2229,0.2441,999.3704,0,116.89,1,wait,2,0.584
m3-13,140,700.28,29.2188,0.4883,999.3853,0,121.11,2,transmit,1,0.607
m3-13,141,705.27,29.2438,0.2441,999.3545,0,116.78,1,wait,2,0.583
m3-13,142,710.28,29.2438,0.4883,999.4258,0,121.04,2,transmit,1,0.606
m3-13,143,715.29,29.2375,0.2441,999.3821,0,116.81,1,wait,2,0.585
m3-13,144,720.3,29.2292,0.4883,999.2898,0,121.22,2,transmit,1,0.607
m3-13,145,725.29,29.2208,0.2441,999.3372,0,116.68,1,wait,2,0.582
m3-13,146,730.3,29.2417,0.4883,999.3848,0,121.08,2,transmit,1,0.607
m3-13,147,735.3,29.2396,0.2441,999.3962,0,116.75,1,wait,2,0.584
m3-13,148,740.31,29.2583,0.4883,999.2988,0,121.35,2,transmit,1,0.608
m3-13,149,745.3,29.2208,0.2441,999.2556,0,116.55,1,wait,2,0.582
m3-13,150,750.31,29.2104,0.4883,999.4678,0,121.15,2,transmit,1,0.607
m3-13,151,755.32,29.2771,0.2441,999.3813,0,116.64,1,wait,2,0.584
m3-13,152,760.31,29.25,0.4883,999.3379,0,121.28,2,transmit,1,0.605
m3-13,153,765.32,29.2333,0.2441,999.3149,0,116.71,1,wait,2,0.585
m3-13,154,770.32,29.2396,0.4883,999.3616,0,121.19,2,transmit,1,0.606
m3-13,155,775.33,29.2562,0.2441,999.3291,0,116.46,1,wait,2,0.583
m3-13,156,780.32,29.2625,0.4883,999.3042,0,121.37,2,transmit,1,0.606
m3-13,157,785.33,29.2521,0.2441,999.2305,0,116.65,1,wait,2,0.584
m3-13,158,790.34,29.2333,0.4883,999.4065,0,121.3,2,transmit,1,0.608
m3-13,159,795.33,29.2458,0.2441,999.3396,0,116.5,1,wait,2,0.581
m3-13,160,800.34,29.2312,0.4883,999.3655,0,121.23,2,transmit,1,0.607
m3-13,161,805.35,29.2562,0.2441,999.3923,0,116.63,1,wait,2,0.584
m3-13,162,810.35,29.2604,0.4883,999.2981,0,121.43,2,transmit,1,0.607
m3-13,163,815.35,29.2375,0.2441,999.4302,0,116.5,1,wait,2,0.583
m3-13,164,820.35,29.2729,0.4883,999.3484,0,121.29,2,transmit,1,0.606
m3-13,165,825.36,29.2458,0.2441,999.4202,0,116.57,1,wait,2,0.584
m3-13,166,830.35,29.2521,0.4883,999.3799,0,121.4,2,transmit,1,0.606
m3-14,1,4.79,30.0,0.2441,997.8018,0,119.14,1,wait,2,0.569
m3-14,2,9.8,29.9729,0.4883,997.7524,0,118.31,1,wait,3,0.593
m3-14,3,14.81,30.0,0.2441,997.8435,0,119.61,1,wait,4,0.599
m3-14,4,19.8,30.0146,0.4883,997.812,0,118.35,1,wait,5,0.591
m3-14,5,24.81,29.9792,0.2441,997.8362,0,119.66,1,wait,6,0.6
m3-14,6,29.81,30.0312,0.4883,997.7722,0,118.34,1,wait,7,0.592
m3-14,7,34.81,30.0292,0.2441,997.9006,0,119.77,1,wait,8,0.599
m3-14,8,39.81,30.0521,0.4883,997.8091,0,118.46,1,wait,9,0.592
m3-14,9,44.82,30.0229,0.2441,997.8953,0,119.67,1,wait,10,0.6
m3-14,10,49.83,30.05,0.4883,997.8225,0,118.4,1,wait,11,0.593
m3-14,11,54.82,30.0812,0.2441,997.8188,0,119.58,1,wait,12,0.597
m3-14,12,59.83,30.0042,0.4883,997.9075,0,118.41,1,wait,13,0.593
m3-14,13,64.84,30.0688,0.2441,997.8511,0,119.64,1,wait,14,0.599
m3-14,14,69.83,30.0542,0.4883,997.8123,0,118.48,1,wait,15,0.591
m3-14,15,74.83,30.0646,0.2441,997.8845,0,119.51,1,wait,16,0.598
m3-14,16,79.84,30.0875,0.4883,997.8154,0,118.43,1,wait,17,0.593
m3-14,17,84.85,30.05,0.2441,997.7798,0,119.39,1,wait,18,0.598
m3-14,18,89.84,30.0688,0.4883,997.7869,0,118.5,1,wait,19,0.591
m3-14,19,94.85,30.0812,0.2441,997.7915,0,119.51,1,wait,20,0.599
m3-14,20,99.86,30.0896,0.4883,997.7607,0,118.61,1,wait,20,0.594
m3-14,21,104.85,30.0604,0.2441,997.7773,0,119.4,1,wait,20,0.596
m3-14,22,109.86,30.0875,0.4883,997.7642,0,118.61,1,wait,20,0.594
m3-14,23,114.86,30.075,0.2441,998.001,0,119.36,1,wait,20,0.597
m3-14,24,119.86,30.1312,0.4883,997.989,0,118.71,1,wait,20,0.594
m3-14,25,124.86,30.1604,0.2441,997.9002,0,119.51,1,wait,20,0.598
m3-14,26,129.87,30.1417,0.4883,997.7898,0,118.8,1,wait,20,0.595
m3-14,27,134.88,30.1042,0.2441,997.8813,0,119.25,1,wait,20,0.597
m3-14,28,139.87,30.1083,0.4883,997.8884,0,118.86,1,wait,20,0.593
m3-14,29,144.88,30.1438,0.2441,997.8574,0,119.28,1,wait,20,0.598
m3-14,30,149.89,30.1479,0.4883,997.8904,0,119.02,1,wait,20,0.596
m3-14,31,154.89,30.1583,0.2441,997.9683,0,119.2,1,wait,20,0.596
m3-14,32,159.88,30.1667,0.4883,997.9553,0,118.9,1,wait,20,0.593
m3-14,33,164.89,30.1771,0.2441,997.8787,0,119.22,1,wait,20,0.597
m3-14,34,169.9,30.1958,0.4883,997.8865,0,118.83,1,wait,20,0.595
m3-14,35,174.91,30.1771,0.2441,997.9712,0,119.14,1,wait,20,0.597
m3-14,36,179.9,30.1896,0.4883,997.842,0,118.87,1,wait,20,0.593
m3-14,37,184.91,30.1875,0.2441,997.7983,0,119.21,1,wait,20,0.597
m3-14,38,189.91,30.15,0.4883,997.9177,0,119.0,1,wait,20,0.595
m3-14,39,194.92,30.1875,0.2441,997.7332,0,118.92,1,wait,20,0.596
m3-14,40,199.91,30.2,0.4883,997.8506,0,119.07,1,wait,20,0.594
m3-14,41,204.92,30.2021,0.2441,997.8655,0,119.05,1,wait,20,0.596
m3-14,42,209.93,30.1792,0.4883,997.9307,0,119.18,1,wait,20,0.597
m3-14,43,214.94,30.2292,0.2441,997.8657,0,118.96,1,wait,20,0.596
m3-14,44,219.93,30.1958,0.4883,997.9243,0,119.19,1,wait,20,0.595
m3-14,45,224.94,30.2146,0.2441,997.8166,0,118.94,1,wait,20,0.596
m3-14,46,229.94,30.1792,0.4883,997.9004,0,119.23,1,wait,20,0.596
m3-14,47,234.95,30.2,0.2441,997.8196,0,118.98,1,wait,20,0.596
m3-14,48,239.94,30.1875,0.4883,997.8574,0,119.19,1,wait,20,0.595
m3-14,49,244.95,30.1833,0.2441,997.8171,0,119.01,1,wait,20,0.596
m3-14,50,249.96,30.1958,0.4883,997.8757,0,119.28,1,wait,20,0.598
m3-14,51,254.97,30.2021,0.2441,997.8601,0,118.8,1,wait,20,0.595
m3-14,52,259.96,30.225,0.4883,997.856,0,119.35,1,wait,20,0.596
m3-14,53,264.96,30.2542,0.2441,997.8242,0,118.82,1,wait,20,0.594
m3-14,54,269.97,30.2333,0.4883,997.779,0,119.41,1,wait,20,0.598
m3-14,55,274.96,30.2188,0.2441,997.874,0,118.68,1,wait,20,0.592
m3-14,56,279.97,30.2396,0.4883,997.8147,0,119.36,1,wait,20,0.598
m3-14,57,284.98,30.25,0.2441,997.9849,0,118.65,1,wait,20,0.594
m3-14,58,289.97,30.2833,0.4883,997.9595,0,119.41,1,wait,20,0.596
m3-14,59,294.98,30.25,0.2441,997.8677,0,118.71,1,wait,20,0.595
m3-14,60,299.99,30.2479,0.4883,997.8613,0,119.53,1,wait,20,0.599
m3-14,61,304.99,30.2208,0.2441,997.9038,0,118.6,1,wait,20,0.593
m3-14,62,309.99,30.2562,0.4883,997.8164,0,119.51,1,wait,20,0.598
m3-14,63,314.99,30.2479,0.2441,997.9033,0,118.58,1,wait,20,0.593
m3-14,64,320.0,30.2688,0.4883,997.9614,0,119.59,1,wait,20,0.599
m3-14,65,325.01,30.2771,0.2441,997.8621,0,118.66,1,wait,20,0.595
m3-14,66,330.0,30.2604,0.4883,997.8357,0,119.74,1,wait,20,0.598
m3-14,67,335.01,30.25,0.2441,997.8352,0,118.52,1,wait,20,0.594
m3-14,68,340.01,30.225,0.4883,997.9492,0,119.63,1,wait,20,0.598
m3-14,69,345.02,30.3042,0.2441,997.9658,0,118.45,1,wait,20,0.593
m3-14,70,350.01,30.3021,0.4883,997.7649,0,119.7,1,wait,20,0.597
m3-14,71,355.02,30.2396,0.2441,997.9719,0,118.48,1,wait,20,0.594
m3-14,72,360.03,30.275,0.4883,997.915,0,119.79,1,wait,20,0.6
m3-14,73,365.04,30.2979,0.2441,997.8855,0,118.37,1,wait,20,0.593
m3-14,74,370.03,30.2979,0.4883,997.852,0,119.64,1,wait,20,0.597
m3-14,75,375.04,30.2708,0.2441,997.8728,0,118.29,1,wait,20,0.593
m3-14,76,380.04,30.2812,0.4883,997.957,0,119.75,1,wait,20,0.599
m3-14,77,385.05,30.3083,0.2441,997.8386,0,118.34,1,wait,20,0.593
m3-14,78,390.04,30.2833,0.4883,997.9036,0,119.83,1,wait,20,0.598
m3-14,79,395.05,30.3083,0.2441,997.6768,0,118.25,1,wait,20,0.592
m3-14,80,400.06,30.2833,0.4883,997.8704,0,119.77,1,wait,20,0.6
m3-14,81,405.07,30.275,0.2441,997.9392,0,118.19,1,wait,20,0.592
m3-14,82,410.06,30.3021,0.4883,997.843,0,119.94,1,wait,20,0.599
m3-14,83,415.07,30.2896,0.2441,997.8914,0,118.3,1,wait,20,0.593
m3-14,84,420.07,30.2979,0.4883,997.8813,0,120.01,2,transmit,1,0.6
m3-14,85,425.08,30.3146,0.2441,997.8584,0,118.09,1,wait,2,0.592
m3-14,86,430.07,30.2938,0.4883,997.8955,0,120.1,2,transmit,1,0.599
m3-14,87,435.08,30.3167,0.2441,997.8679,0,118.12,1,wait,2,0.592
m3-14,88,440.09,30.3021,0.4883,997.8621,0,120.22,2,transmit,1,0.602
m3-14,89,445.09,30.3229,0.2441,997.843,0,117.97,1,wait,2,0.59
m3-14,90,450.09,30.2979,0.4883,997.8262,0,120.08,2,transmit,1,0.6
m3-14,91,455.09,30.3104,0.2441,997.8181,0,118.0,1,wait,2,0.59
m3-14,92,460.1,30.2917,0.4883,997.8735,0,120.0,1,wait,3,0.601
m3-14,93,465.11,30.3312,0.2441,997.8584,0,117.95,1,wait,4,0.591
m3-14,94,470.1,30.3271,0.4883,997.9207,0,120.07,2,transmit,1,0.599
m3-14,95,475.11,30.3208,0.2441,997.9221,0,118.0,1,wait,2,0.591
m3-14,96,480.12,30.3438,0.4883,997.8899,0,120.21,2,transmit,1,0.602
m3-14,97,485.12,30.3188,0.2441,997.9534,0,117.73,1,wait,2,0.589
m3-14,98,490.12,30.3438,0.4883,997.9492,0,120.31,2,transmit,1,0.602
m3-14,99,495.12,30.3479,0.2441,997.9451,0,117.86,1,wait,2,0.589
m3-14,100,500.13,30.3792,0.4883,997.948,0,120.42,2,transmit,1,0.603
m3-14,101,505.14,30.3438,0.2441,997.8855,0,117.79,1,wait,2,0.59
m3-14,102,510.13,30.3375,0.4883,998.0391,0,120.41,2,transmit,1,0.601
m3-14,103,515.14,30.3729,0.2441,998.0037,0,117.72,1,wait,2,0.59
m3-14,104,520.15,30.3917,0.4883,997.9688,0,120.45,2,transmit,1,0.603
m3-14,105,525.15,30.3604,0.2441,997.9106,0,117.81,1,wait,2,0.589
m3-14,106,530.15,30.3729,0.4883,997.9426,0,120.55,2,transmit,1,0.603
m3-14,107,535.15,30.3542,0.2441,997.9905,0,117.67,1,wait,2,0.588
m3-14,108,540.16,30.3833,0.4883,997.8765,0,120.46,2,transmit,1,0.604
m3-14,109,545.17,30.3479,0.2441,997.8784,0,117.58,1,wait,2,0.589
m3-14,110,550.16,30.3479,0.4883,997.9287,0,120.53,2,transmit,1,0.601
m3-14,111,555.17,30.3667,0.2441,997.8596,0,117.62,1,wait,2,0.589
m3-14,112,560.17,30.3708,0.4883,997.9805,0,120.63,2,transmit,1,0.603
m3-14,113,565.18,30.3688,0.2441,997.9641,0,117.48,1,wait,2,0.589
m3-14,114,570.17,30.3667,0.4883,997.918,0,120.54,2,transmit,1,0.601
m3-14,115,575.18,30.3583,0.2441,997.9353,0,117.45,1,wait,2,0.588
m3-14,116,580.19,30.3729,0.4883,997.8982,0,120.66,2,transmit,1,0.605
m3-14,117,585.2,30.35,0.2441,997.9661,0,117.52,1,wait,2,0.589
m3-14,118,590.19,30.3833,0.4883,997.9451,0,120.73,2,transmit,1,0.602
m3-14,119,595.2,30.3792,0.2441,997.9255,0,117.47,1,wait,2,0.589
m3-14,120,600.2,30.3521,0.4883,997.9605,0,120.68,2,transmit,1,0.603
m3-14,121,605.21,30.3667,0.2441,998.0105,0,117.39,1,wait,2,0.588
m3-14,122,610.2,30.3917,0.4883,997.9959,0,120.8,2,transmit,1,0.603
m3-14,123,615.21,30.3562,0.2441,997.9436,0,117.45,1,wait,2,0.588
m3-14,124,620.22,30.3792,0.4883,998.0266,0,120.86,2,transmit,1,0.606
m3-14,125,625.23,30.3625,0.2441,997.9204,0,117.25,1,wait,2,0.587
m3-14,126,630.22,30.3729,0.4883,997.9665,0,120.97,2,transmit,1,0.604
m3-14,127,635.22,30.3354,0.2441,997.9111,0,117.26,1,wait,2,0.586
m3-14,128,640.23,30.3812,0.4883,997.9871,0,120.91,2,transmit,1,0.606
m3-14,129,645.24,30.3979,0.2441,997.9453,0,117.32,1,wait,2,0.588
m3-14,130,650.23,30.3812,0.4883,997.8455,0,120.93,2,transmit,1,0.603
m3-14,131,655.24,30.3688,0.2441,997.9619,0,117.17,1,wait,2,0.587
m3-14,132,660.25,30.3917,0.4883,997.9028,0,120.88,2,transmit,1,0.606
m3-14,133,665.25,30.3688,0.2441,997.8784,0,117.12,1,wait,2,0.586
m3-14,134,670.25,30.3708,0.4883,998.0232,0,120.96,2,transmit,1,0.605
m3-14,135,675.25,30.3875,0.2441,997.9675,0,117.25,1,wait,2,0.586
m3-14,136,680.26,30.4042,0.4883,997.9624,0,121.08,2,transmit,1,0.607
m3-14,137,685.27,30.3688,0.2441,997.9207,0,117.02,1,wait,2,0.586
m3-14,138,690.26,30.4021,0.4883,997.9756,0,121.19,2,transmit,1,0.605
m3-14,139,695.27,30.4229,0.2441,997.9644,0,117.07,1,wait,2,0.587
m3-14,140,700.28,30.3979,0.4883,997.9499,0,121.29,2,transmit,1,0.608
m3-14,141,705.28,30.4271,0.2441,997.8511,0,116.93,1,wait,2,0.585
m3-14,142,710.28,30.3688,0.4883,997.9739,0,121.24,2,transmit,1,0.606
m3-14,143,715.28,30.4104,0.2441,997.9094,0,117.02,1,wait,2,0.585
m3-14,144,720.29,30.3958,0.4883,997.8796,0,121.14,2,transmit,1,0.607
m3-14,145,725.3,30.375,0.2441,997.9644,0,116.95,1,wait,2,0.586
m3-14,146,730.29,30.4146,0.4883,997.9929,0,121.21,2,transmit,1,0.605
m3-14,147,735.3,30.4167,0.2441,997.8867,0,116.99,1,wait,2,0.586
m3-14,148,740.31,30.4062,0.4883,997.9551,0,121.29,2,transmit,1,0.608
m3-14,149,745.31,30.4021,0.2441,997.8555,0,116.75,1,wait,2,0.584
m3-14,150,750.3,30.3875,0.4883,997.9197,0,121.36,2,transmit,1,0.606
m3-14,151,755.31,30.3979,0.2441,998.0332,0,116.81,1,wait,2,0.585
m3-14,152,760.32,30.3917,0.4883,997.9004,0,121.43,2,transmit,1,0.608
m3-14,153,765.33,30.4,0.2441,997.9746,0,116.69,1,wait,2,0.585
m3-14,154,770.32,30.4104,0.4883,997.9153,0,121.4,2,transmit,1,0.606
m3-14,155,775.33,30.4021,0.2441,997.9282,0,116.7,1,wait,2,0.585
m3-14,156,780.33,30.4292,0.4883,998.0227,0,121.5,2,transmit,1,0.608
m3-14,157,785.33,30.4125,0.2441,997.8545,0,116.77,1,wait,2,0.584
m3-14,158,790.33,30.4042,0.4883,998.0156,0,121.5,2,transmit,1,0.607
m3-14,159,795.34,30.4438,0.2441,998.0564,0,116.83,1,wait,2,0.585
m3-14,160,800.35,30.4667,0.2441,998.0537,0,121.57,2,transmit,1,0.609
m3-14,161,805.34,30.4292,0.2441,997.9937,0,116.7,1,wait,2,0.582
m3-14,162,810.35,30.4271,0.4883,997.9441,0,121.49,2,transmit,1,0.609
m3-14,163,815.36,30.4229,0.2441,998.0049,0,116.74,1,wait,2,0.585
m3-14,164,820.35,30.4271,0.2441,997.9085,0,121.46,2,transmit,1,0.606
m3-14,165,825.35,30.3854,0.2441,998.0537,0,116.67,1,wait,2,0.583
m3-14,166,830.36,30.4271,0.4883,997.9937,0,121.47,2,transmit,1,0.609
